Genus	Species	Strain	Accession	Assembly	SeqPath	ChromosomeLen	GFF
Streptococcus	pneumoniae	SP100_S81	SP100_S81	SP100_S81	/dodo/rl152/ChronoStrain/chronostrain_cami/core_genome_only/core_genomes/spneumoniae/SP100_S81.fna	0	
Streptococcus	pneumoniae	SP101_S82	SP101_S82	SP101_S82	/dodo/rl152/ChronoStrain/chronostrain_cami/core_genome_only/core_genomes/spneumoniae/SP101_S82.fna	0	
Streptococcus	pneumoniae	SP102_S82	SP102_S82	SP102_S82	/dodo/rl152/ChronoStrain/chronostrain_cami/core_genome_only/core_genomes/spneumoniae/SP102_S82.fna	0	
Streptococcus	pneumoniae	SP103_S83	SP103_S83	SP103_S83	/dodo/rl152/ChronoStrain/chronostrain_cami/core_genome_only/core_genomes/spneumoniae/SP103_S83.fna	0	
Streptococcus	pneumoniae	SP105_S84	SP105_S84	SP105_S84	/dodo/rl152/ChronoStrain/chronostrain_cami/core_genome_only/core_genomes/spneumoniae/SP105_S84.fna	0	
Streptococcus	pneumoniae	SP106_S85	SP106_S85	SP106_S85	/dodo/rl152/ChronoStrain/chronostrain_cami/core_genome_only/core_genomes/spneumoniae/SP106_S85.fna	0	
Streptococcus	pneumoniae	SP107_S86	SP107_S86	SP107_S86	/dodo/rl152/ChronoStrain/chronostrain_cami/core_genome_only/core_genomes/spneumoniae/SP107_S86.fna	0	
Streptococcus	pneumoniae	SP108_S87	SP108_S87	SP108_S87	/dodo/rl152/ChronoStrain/chronostrain_cami/core_genome_only/core_genomes/spneumoniae/SP108_S87.fna	0	
Streptococcus	pneumoniae	SP109_S83	SP109_S83	SP109_S83	/dodo/rl152/ChronoStrain/chronostrain_cami/core_genome_only/core_genomes/spneumoniae/SP109_S83.fna	0	
Streptococcus	pneumoniae	SP10_S7	SP10_S7	SP10_S7	/dodo/rl152/ChronoStrain/chronostrain_cami/core_genome_only/core_genomes/spneumoniae/SP10_S7.fna	0	
Streptococcus	pneumoniae	SP110_S88	SP110_S88	SP110_S88	/dodo/rl152/ChronoStrain/chronostrain_cami/core_genome_only/core_genomes/spneumoniae/SP110_S88.fna	0	
Streptococcus	pneumoniae	SP111_S89	SP111_S89	SP111_S89	/dodo/rl152/ChronoStrain/chronostrain_cami/core_genome_only/core_genomes/spneumoniae/SP111_S89.fna	0	
Streptococcus	pneumoniae	SP112_S90	SP112_S90	SP112_S90	/dodo/rl152/ChronoStrain/chronostrain_cami/core_genome_only/core_genomes/spneumoniae/SP112_S90.fna	0	
Streptococcus	pneumoniae	SP113_S91	SP113_S91	SP113_S91	/dodo/rl152/ChronoStrain/chronostrain_cami/core_genome_only/core_genomes/spneumoniae/SP113_S91.fna	0	
Streptococcus	pneumoniae	SP114_S92	SP114_S92	SP114_S92	/dodo/rl152/ChronoStrain/chronostrain_cami/core_genome_only/core_genomes/spneumoniae/SP114_S92.fna	0	
Streptococcus	pneumoniae	SP115_S93	SP115_S93	SP115_S93	/dodo/rl152/ChronoStrain/chronostrain_cami/core_genome_only/core_genomes/spneumoniae/SP115_S93.fna	0	
Streptococcus	pneumoniae	SP116_S94	SP116_S94	SP116_S94	/dodo/rl152/ChronoStrain/chronostrain_cami/core_genome_only/core_genomes/spneumoniae/SP116_S94.fna	0	
Streptococcus	pneumoniae	SP118_S96	SP118_S96	SP118_S96	/dodo/rl152/ChronoStrain/chronostrain_cami/core_genome_only/core_genomes/spneumoniae/SP118_S96.fna	0	
Streptococcus	pneumoniae	SP11_S8	SP11_S8	SP11_S8	/dodo/rl152/ChronoStrain/chronostrain_cami/core_genome_only/core_genomes/spneumoniae/SP11_S8.fna	0	
Streptococcus	pneumoniae	SP120_S2	SP120_S2	SP120_S2	/dodo/rl152/ChronoStrain/chronostrain_cami/core_genome_only/core_genomes/spneumoniae/SP120_S2.fna	0	
Streptococcus	pneumoniae	SP121_S3	SP121_S3	SP121_S3	/dodo/rl152/ChronoStrain/chronostrain_cami/core_genome_only/core_genomes/spneumoniae/SP121_S3.fna	0	
Streptococcus	pneumoniae	SP122_S4	SP122_S4	SP122_S4	/dodo/rl152/ChronoStrain/chronostrain_cami/core_genome_only/core_genomes/spneumoniae/SP122_S4.fna	0	
Streptococcus	pneumoniae	SP124_S6	SP124_S6	SP124_S6	/dodo/rl152/ChronoStrain/chronostrain_cami/core_genome_only/core_genomes/spneumoniae/SP124_S6.fna	0	
Streptococcus	pneumoniae	SP125_S84	SP125_S84	SP125_S84	/dodo/rl152/ChronoStrain/chronostrain_cami/core_genome_only/core_genomes/spneumoniae/SP125_S84.fna	0	
Streptococcus	pneumoniae	SP126_S7	SP126_S7	SP126_S7	/dodo/rl152/ChronoStrain/chronostrain_cami/core_genome_only/core_genomes/spneumoniae/SP126_S7.fna	0	
Streptococcus	pneumoniae	SP127_S8	SP127_S8	SP127_S8	/dodo/rl152/ChronoStrain/chronostrain_cami/core_genome_only/core_genomes/spneumoniae/SP127_S8.fna	0	
Streptococcus	pneumoniae	SP128_S9	SP128_S9	SP128_S9	/dodo/rl152/ChronoStrain/chronostrain_cami/core_genome_only/core_genomes/spneumoniae/SP128_S9.fna	0	
Streptococcus	pneumoniae	SP129_S10	SP129_S10	SP129_S10	/dodo/rl152/ChronoStrain/chronostrain_cami/core_genome_only/core_genomes/spneumoniae/SP129_S10.fna	0	
Streptococcus	pneumoniae	SP12_S9	SP12_S9	SP12_S9	/dodo/rl152/ChronoStrain/chronostrain_cami/core_genome_only/core_genomes/spneumoniae/SP12_S9.fna	0	
Streptococcus	pneumoniae	SP130_S11	SP130_S11	SP130_S11	/dodo/rl152/ChronoStrain/chronostrain_cami/core_genome_only/core_genomes/spneumoniae/SP130_S11.fna	0	
Streptococcus	pneumoniae	SP131_S12	SP131_S12	SP131_S12	/dodo/rl152/ChronoStrain/chronostrain_cami/core_genome_only/core_genomes/spneumoniae/SP131_S12.fna	0	
Streptococcus	pneumoniae	SP132_S13	SP132_S13	SP132_S13	/dodo/rl152/ChronoStrain/chronostrain_cami/core_genome_only/core_genomes/spneumoniae/SP132_S13.fna	0	
Streptococcus	pneumoniae	SP133_S14	SP133_S14	SP133_S14	/dodo/rl152/ChronoStrain/chronostrain_cami/core_genome_only/core_genomes/spneumoniae/SP133_S14.fna	0	
Streptococcus	pneumoniae	SP134_S15	SP134_S15	SP134_S15	/dodo/rl152/ChronoStrain/chronostrain_cami/core_genome_only/core_genomes/spneumoniae/SP134_S15.fna	0	
Streptococcus	pneumoniae	SP135_S16	SP135_S16	SP135_S16	/dodo/rl152/ChronoStrain/chronostrain_cami/core_genome_only/core_genomes/spneumoniae/SP135_S16.fna	0	
Streptococcus	pneumoniae	SP136_S17	SP136_S17	SP136_S17	/dodo/rl152/ChronoStrain/chronostrain_cami/core_genome_only/core_genomes/spneumoniae/SP136_S17.fna	0	
Streptococcus	pneumoniae	SP137_S18	SP137_S18	SP137_S18	/dodo/rl152/ChronoStrain/chronostrain_cami/core_genome_only/core_genomes/spneumoniae/SP137_S18.fna	0	
Streptococcus	pneumoniae	SP138_S19	SP138_S19	SP138_S19	/dodo/rl152/ChronoStrain/chronostrain_cami/core_genome_only/core_genomes/spneumoniae/SP138_S19.fna	0	
Streptococcus	pneumoniae	SP139_S20	SP139_S20	SP139_S20	/dodo/rl152/ChronoStrain/chronostrain_cami/core_genome_only/core_genomes/spneumoniae/SP139_S20.fna	0	
Streptococcus	pneumoniae	SP13_S10	SP13_S10	SP13_S10	/dodo/rl152/ChronoStrain/chronostrain_cami/core_genome_only/core_genomes/spneumoniae/SP13_S10.fna	0	
Streptococcus	pneumoniae	SP140_S21	SP140_S21	SP140_S21	/dodo/rl152/ChronoStrain/chronostrain_cami/core_genome_only/core_genomes/spneumoniae/SP140_S21.fna	0	
Streptococcus	pneumoniae	SP141_S22	SP141_S22	SP141_S22	/dodo/rl152/ChronoStrain/chronostrain_cami/core_genome_only/core_genomes/spneumoniae/SP141_S22.fna	0	
Streptococcus	pneumoniae	SP142_S23	SP142_S23	SP142_S23	/dodo/rl152/ChronoStrain/chronostrain_cami/core_genome_only/core_genomes/spneumoniae/SP142_S23.fna	0	
Streptococcus	pneumoniae	SP143_S24	SP143_S24	SP143_S24	/dodo/rl152/ChronoStrain/chronostrain_cami/core_genome_only/core_genomes/spneumoniae/SP143_S24.fna	0	
Streptococcus	pneumoniae	SP144_S25	SP144_S25	SP144_S25	/dodo/rl152/ChronoStrain/chronostrain_cami/core_genome_only/core_genomes/spneumoniae/SP144_S25.fna	0	
Streptococcus	pneumoniae	SP145_S26	SP145_S26	SP145_S26	/dodo/rl152/ChronoStrain/chronostrain_cami/core_genome_only/core_genomes/spneumoniae/SP145_S26.fna	0	
Streptococcus	pneumoniae	SP146_S27	SP146_S27	SP146_S27	/dodo/rl152/ChronoStrain/chronostrain_cami/core_genome_only/core_genomes/spneumoniae/SP146_S27.fna	0	
Streptococcus	pneumoniae	SP147_S28	SP147_S28	SP147_S28	/dodo/rl152/ChronoStrain/chronostrain_cami/core_genome_only/core_genomes/spneumoniae/SP147_S28.fna	0	
Streptococcus	pneumoniae	SP148_S29	SP148_S29	SP148_S29	/dodo/rl152/ChronoStrain/chronostrain_cami/core_genome_only/core_genomes/spneumoniae/SP148_S29.fna	0	
Streptococcus	pneumoniae	SP149_S30	SP149_S30	SP149_S30	/dodo/rl152/ChronoStrain/chronostrain_cami/core_genome_only/core_genomes/spneumoniae/SP149_S30.fna	0	
Streptococcus	pneumoniae	SP14_S11	SP14_S11	SP14_S11	/dodo/rl152/ChronoStrain/chronostrain_cami/core_genome_only/core_genomes/spneumoniae/SP14_S11.fna	0	
Streptococcus	pneumoniae	SP150_S31	SP150_S31	SP150_S31	/dodo/rl152/ChronoStrain/chronostrain_cami/core_genome_only/core_genomes/spneumoniae/SP150_S31.fna	0	
Streptococcus	pneumoniae	SP151_S32	SP151_S32	SP151_S32	/dodo/rl152/ChronoStrain/chronostrain_cami/core_genome_only/core_genomes/spneumoniae/SP151_S32.fna	0	
Streptococcus	pneumoniae	SP152_S33	SP152_S33	SP152_S33	/dodo/rl152/ChronoStrain/chronostrain_cami/core_genome_only/core_genomes/spneumoniae/SP152_S33.fna	0	
Streptococcus	pneumoniae	SP153_S34	SP153_S34	SP153_S34	/dodo/rl152/ChronoStrain/chronostrain_cami/core_genome_only/core_genomes/spneumoniae/SP153_S34.fna	0	
Streptococcus	pneumoniae	SP154_S35	SP154_S35	SP154_S35	/dodo/rl152/ChronoStrain/chronostrain_cami/core_genome_only/core_genomes/spneumoniae/SP154_S35.fna	0	
Streptococcus	pneumoniae	SP155_S36	SP155_S36	SP155_S36	/dodo/rl152/ChronoStrain/chronostrain_cami/core_genome_only/core_genomes/spneumoniae/SP155_S36.fna	0	
Streptococcus	pneumoniae	SP156_S37	SP156_S37	SP156_S37	/dodo/rl152/ChronoStrain/chronostrain_cami/core_genome_only/core_genomes/spneumoniae/SP156_S37.fna	0	
Streptococcus	pneumoniae	SP157_S38	SP157_S38	SP157_S38	/dodo/rl152/ChronoStrain/chronostrain_cami/core_genome_only/core_genomes/spneumoniae/SP157_S38.fna	0	
Streptococcus	pneumoniae	SP158_S39	SP158_S39	SP158_S39	/dodo/rl152/ChronoStrain/chronostrain_cami/core_genome_only/core_genomes/spneumoniae/SP158_S39.fna	0	
Streptococcus	pneumoniae	SP159_S40	SP159_S40	SP159_S40	/dodo/rl152/ChronoStrain/chronostrain_cami/core_genome_only/core_genomes/spneumoniae/SP159_S40.fna	0	
Streptococcus	pneumoniae	SP15_S89	SP15_S89	SP15_S89	/dodo/rl152/ChronoStrain/chronostrain_cami/core_genome_only/core_genomes/spneumoniae/SP15_S89.fna	0	
Streptococcus	pneumoniae	SP160_S41	SP160_S41	SP160_S41	/dodo/rl152/ChronoStrain/chronostrain_cami/core_genome_only/core_genomes/spneumoniae/SP160_S41.fna	0	
Streptococcus	pneumoniae	SP161_S42	SP161_S42	SP161_S42	/dodo/rl152/ChronoStrain/chronostrain_cami/core_genome_only/core_genomes/spneumoniae/SP161_S42.fna	0	
Streptococcus	pneumoniae	SP162_S43	SP162_S43	SP162_S43	/dodo/rl152/ChronoStrain/chronostrain_cami/core_genome_only/core_genomes/spneumoniae/SP162_S43.fna	0	
Streptococcus	pneumoniae	SP163_S44	SP163_S44	SP163_S44	/dodo/rl152/ChronoStrain/chronostrain_cami/core_genome_only/core_genomes/spneumoniae/SP163_S44.fna	0	
Streptococcus	pneumoniae	SP164_S45	SP164_S45	SP164_S45	/dodo/rl152/ChronoStrain/chronostrain_cami/core_genome_only/core_genomes/spneumoniae/SP164_S45.fna	0	
Streptococcus	pneumoniae	SP165_S46	SP165_S46	SP165_S46	/dodo/rl152/ChronoStrain/chronostrain_cami/core_genome_only/core_genomes/spneumoniae/SP165_S46.fna	0	
Streptococcus	pneumoniae	SP166_S47	SP166_S47	SP166_S47	/dodo/rl152/ChronoStrain/chronostrain_cami/core_genome_only/core_genomes/spneumoniae/SP166_S47.fna	0	
Streptococcus	pneumoniae	SP167_S48	SP167_S48	SP167_S48	/dodo/rl152/ChronoStrain/chronostrain_cami/core_genome_only/core_genomes/spneumoniae/SP167_S48.fna	0	
Streptococcus	pneumoniae	SP168_S49	SP168_S49	SP168_S49	/dodo/rl152/ChronoStrain/chronostrain_cami/core_genome_only/core_genomes/spneumoniae/SP168_S49.fna	0	
Streptococcus	pneumoniae	SP169_S50	SP169_S50	SP169_S50	/dodo/rl152/ChronoStrain/chronostrain_cami/core_genome_only/core_genomes/spneumoniae/SP169_S50.fna	0	
Streptococcus	pneumoniae	SP16_S12	SP16_S12	SP16_S12	/dodo/rl152/ChronoStrain/chronostrain_cami/core_genome_only/core_genomes/spneumoniae/SP16_S12.fna	0	
Streptococcus	pneumoniae	SP170_S51	SP170_S51	SP170_S51	/dodo/rl152/ChronoStrain/chronostrain_cami/core_genome_only/core_genomes/spneumoniae/SP170_S51.fna	0	
Streptococcus	pneumoniae	SP171_S52	SP171_S52	SP171_S52	/dodo/rl152/ChronoStrain/chronostrain_cami/core_genome_only/core_genomes/spneumoniae/SP171_S52.fna	0	
Streptococcus	pneumoniae	SP172_S53	SP172_S53	SP172_S53	/dodo/rl152/ChronoStrain/chronostrain_cami/core_genome_only/core_genomes/spneumoniae/SP172_S53.fna	0	
Streptococcus	pneumoniae	SP173_S54	SP173_S54	SP173_S54	/dodo/rl152/ChronoStrain/chronostrain_cami/core_genome_only/core_genomes/spneumoniae/SP173_S54.fna	0	
Streptococcus	pneumoniae	SP174_S55	SP174_S55	SP174_S55	/dodo/rl152/ChronoStrain/chronostrain_cami/core_genome_only/core_genomes/spneumoniae/SP174_S55.fna	0	
Streptococcus	pneumoniae	SP176_S56	SP176_S56	SP176_S56	/dodo/rl152/ChronoStrain/chronostrain_cami/core_genome_only/core_genomes/spneumoniae/SP176_S56.fna	0	
Streptococcus	pneumoniae	SP177_S57	SP177_S57	SP177_S57	/dodo/rl152/ChronoStrain/chronostrain_cami/core_genome_only/core_genomes/spneumoniae/SP177_S57.fna	0	
Streptococcus	pneumoniae	SP178_S58	SP178_S58	SP178_S58	/dodo/rl152/ChronoStrain/chronostrain_cami/core_genome_only/core_genomes/spneumoniae/SP178_S58.fna	0	
Streptococcus	pneumoniae	SP179_S59	SP179_S59	SP179_S59	/dodo/rl152/ChronoStrain/chronostrain_cami/core_genome_only/core_genomes/spneumoniae/SP179_S59.fna	0	
Streptococcus	pneumoniae	SP17_S90	SP17_S90	SP17_S90	/dodo/rl152/ChronoStrain/chronostrain_cami/core_genome_only/core_genomes/spneumoniae/SP17_S90.fna	0	
Streptococcus	pneumoniae	SP180_S96	SP180_S96	SP180_S96	/dodo/rl152/ChronoStrain/chronostrain_cami/core_genome_only/core_genomes/spneumoniae/SP180_S96.fna	0	
Streptococcus	pneumoniae	SP182_S62	SP182_S62	SP182_S62	/dodo/rl152/ChronoStrain/chronostrain_cami/core_genome_only/core_genomes/spneumoniae/SP182_S62.fna	0	
Streptococcus	pneumoniae	SP184_S64	SP184_S64	SP184_S64	/dodo/rl152/ChronoStrain/chronostrain_cami/core_genome_only/core_genomes/spneumoniae/SP184_S64.fna	0	
Streptococcus	pneumoniae	SP185_S65	SP185_S65	SP185_S65	/dodo/rl152/ChronoStrain/chronostrain_cami/core_genome_only/core_genomes/spneumoniae/SP185_S65.fna	0	
Streptococcus	pneumoniae	SP187_S66	SP187_S66	SP187_S66	/dodo/rl152/ChronoStrain/chronostrain_cami/core_genome_only/core_genomes/spneumoniae/SP187_S66.fna	0	
Streptococcus	pneumoniae	SP188_S67	SP188_S67	SP188_S67	/dodo/rl152/ChronoStrain/chronostrain_cami/core_genome_only/core_genomes/spneumoniae/SP188_S67.fna	0	
Streptococcus	pneumoniae	SP189_S68	SP189_S68	SP189_S68	/dodo/rl152/ChronoStrain/chronostrain_cami/core_genome_only/core_genomes/spneumoniae/SP189_S68.fna	0	
Streptococcus	pneumoniae	SP18_S91	SP18_S91	SP18_S91	/dodo/rl152/ChronoStrain/chronostrain_cami/core_genome_only/core_genomes/spneumoniae/SP18_S91.fna	0	
Streptococcus	pneumoniae	SP190_S69	SP190_S69	SP190_S69	/dodo/rl152/ChronoStrain/chronostrain_cami/core_genome_only/core_genomes/spneumoniae/SP190_S69.fna	0	
Streptococcus	pneumoniae	SP191_S70	SP191_S70	SP191_S70	/dodo/rl152/ChronoStrain/chronostrain_cami/core_genome_only/core_genomes/spneumoniae/SP191_S70.fna	0	
Streptococcus	pneumoniae	SP192_S71	SP192_S71	SP192_S71	/dodo/rl152/ChronoStrain/chronostrain_cami/core_genome_only/core_genomes/spneumoniae/SP192_S71.fna	0	
Streptococcus	pneumoniae	SP194_S73	SP194_S73	SP194_S73	/dodo/rl152/ChronoStrain/chronostrain_cami/core_genome_only/core_genomes/spneumoniae/SP194_S73.fna	0	
Streptococcus	pneumoniae	SP195_S74	SP195_S74	SP195_S74	/dodo/rl152/ChronoStrain/chronostrain_cami/core_genome_only/core_genomes/spneumoniae/SP195_S74.fna	0	
Streptococcus	pneumoniae	SP196_S75	SP196_S75	SP196_S75	/dodo/rl152/ChronoStrain/chronostrain_cami/core_genome_only/core_genomes/spneumoniae/SP196_S75.fna	0	
Streptococcus	pneumoniae	SP198_S01	SP198_S01	SP198_S01	/dodo/rl152/ChronoStrain/chronostrain_cami/core_genome_only/core_genomes/spneumoniae/SP198_S01.fna	0	
Streptococcus	pneumoniae	SP1_S85	SP1_S85	SP1_S85	/dodo/rl152/ChronoStrain/chronostrain_cami/core_genome_only/core_genomes/spneumoniae/SP1_S85.fna	0	
Streptococcus	pneumoniae	SP22_S78	SP22_S78	SP22_S78	/dodo/rl152/ChronoStrain/chronostrain_cami/core_genome_only/core_genomes/spneumoniae/SP22_S78.fna	0	
Streptococcus	pneumoniae	SP23_S93	SP23_S93	SP23_S93	/dodo/rl152/ChronoStrain/chronostrain_cami/core_genome_only/core_genomes/spneumoniae/SP23_S93.fna	0	
Streptococcus	pneumoniae	SP24_S13	SP24_S13	SP24_S13	/dodo/rl152/ChronoStrain/chronostrain_cami/core_genome_only/core_genomes/spneumoniae/SP24_S13.fna	0	
Streptococcus	pneumoniae	SP25_S14	SP25_S14	SP25_S14	/dodo/rl152/ChronoStrain/chronostrain_cami/core_genome_only/core_genomes/spneumoniae/SP25_S14.fna	0	
Streptococcus	pneumoniae	SP27_S15	SP27_S15	SP27_S15	/dodo/rl152/ChronoStrain/chronostrain_cami/core_genome_only/core_genomes/spneumoniae/SP27_S15.fna	0	
Streptococcus	pneumoniae	SP2_S86	SP2_S86	SP2_S86	/dodo/rl152/ChronoStrain/chronostrain_cami/core_genome_only/core_genomes/spneumoniae/SP2_S86.fna	0	
Streptococcus	pneumoniae	SP30_S17	SP30_S17	SP30_S17	/dodo/rl152/ChronoStrain/chronostrain_cami/core_genome_only/core_genomes/spneumoniae/SP30_S17.fna	0	
Streptococcus	pneumoniae	SP31_S18	SP31_S18	SP31_S18	/dodo/rl152/ChronoStrain/chronostrain_cami/core_genome_only/core_genomes/spneumoniae/SP31_S18.fna	0	
Streptococcus	pneumoniae	SP32_S19	SP32_S19	SP32_S19	/dodo/rl152/ChronoStrain/chronostrain_cami/core_genome_only/core_genomes/spneumoniae/SP32_S19.fna	0	
Streptococcus	pneumoniae	SP33_S20	SP33_S20	SP33_S20	/dodo/rl152/ChronoStrain/chronostrain_cami/core_genome_only/core_genomes/spneumoniae/SP33_S20.fna	0	
Streptococcus	pneumoniae	SP34_S21	SP34_S21	SP34_S21	/dodo/rl152/ChronoStrain/chronostrain_cami/core_genome_only/core_genomes/spneumoniae/SP34_S21.fna	0	
Streptococcus	pneumoniae	SP35_S22	SP35_S22	SP35_S22	/dodo/rl152/ChronoStrain/chronostrain_cami/core_genome_only/core_genomes/spneumoniae/SP35_S22.fna	0	
Streptococcus	pneumoniae	SP36_S23	SP36_S23	SP36_S23	/dodo/rl152/ChronoStrain/chronostrain_cami/core_genome_only/core_genomes/spneumoniae/SP36_S23.fna	0	
Streptococcus	pneumoniae	SP38_S25	SP38_S25	SP38_S25	/dodo/rl152/ChronoStrain/chronostrain_cami/core_genome_only/core_genomes/spneumoniae/SP38_S25.fna	0	
Streptococcus	pneumoniae	SP39_S26	SP39_S26	SP39_S26	/dodo/rl152/ChronoStrain/chronostrain_cami/core_genome_only/core_genomes/spneumoniae/SP39_S26.fna	0	
Streptococcus	pneumoniae	SP3_S87	SP3_S87	SP3_S87	/dodo/rl152/ChronoStrain/chronostrain_cami/core_genome_only/core_genomes/spneumoniae/SP3_S87.fna	0	
Streptococcus	pneumoniae	SP40_S27	SP40_S27	SP40_S27	/dodo/rl152/ChronoStrain/chronostrain_cami/core_genome_only/core_genomes/spneumoniae/SP40_S27.fna	0	
Streptococcus	pneumoniae	SP41_S28	SP41_S28	SP41_S28	/dodo/rl152/ChronoStrain/chronostrain_cami/core_genome_only/core_genomes/spneumoniae/SP41_S28.fna	0	
Streptococcus	pneumoniae	SP42_S29	SP42_S29	SP42_S29	/dodo/rl152/ChronoStrain/chronostrain_cami/core_genome_only/core_genomes/spneumoniae/SP42_S29.fna	0	
Streptococcus	pneumoniae	SP43_S30	SP43_S30	SP43_S30	/dodo/rl152/ChronoStrain/chronostrain_cami/core_genome_only/core_genomes/spneumoniae/SP43_S30.fna	0	
Streptococcus	pneumoniae	SP44_S31	SP44_S31	SP44_S31	/dodo/rl152/ChronoStrain/chronostrain_cami/core_genome_only/core_genomes/spneumoniae/SP44_S31.fna	0	
Streptococcus	pneumoniae	SP45_S32	SP45_S32	SP45_S32	/dodo/rl152/ChronoStrain/chronostrain_cami/core_genome_only/core_genomes/spneumoniae/SP45_S32.fna	0	
Streptococcus	pneumoniae	SP46_S33	SP46_S33	SP46_S33	/dodo/rl152/ChronoStrain/chronostrain_cami/core_genome_only/core_genomes/spneumoniae/SP46_S33.fna	0	
Streptococcus	pneumoniae	SP47_S34	SP47_S34	SP47_S34	/dodo/rl152/ChronoStrain/chronostrain_cami/core_genome_only/core_genomes/spneumoniae/SP47_S34.fna	0	
Streptococcus	pneumoniae	SP48_S35	SP48_S35	SP48_S35	/dodo/rl152/ChronoStrain/chronostrain_cami/core_genome_only/core_genomes/spneumoniae/SP48_S35.fna	0	
Streptococcus	pneumoniae	SP49_S36	SP49_S36	SP49_S36	/dodo/rl152/ChronoStrain/chronostrain_cami/core_genome_only/core_genomes/spneumoniae/SP49_S36.fna	0	
Streptococcus	pneumoniae	SP4_S3	SP4_S3	SP4_S3	/dodo/rl152/ChronoStrain/chronostrain_cami/core_genome_only/core_genomes/spneumoniae/SP4_S3.fna	0	
Streptococcus	pneumoniae	SP50_S37	SP50_S37	SP50_S37	/dodo/rl152/ChronoStrain/chronostrain_cami/core_genome_only/core_genomes/spneumoniae/SP50_S37.fna	0	
Streptococcus	pneumoniae	SP52_S38	SP52_S38	SP52_S38	/dodo/rl152/ChronoStrain/chronostrain_cami/core_genome_only/core_genomes/spneumoniae/SP52_S38.fna	0	
Streptococcus	pneumoniae	SP53_S39	SP53_S39	SP53_S39	/dodo/rl152/ChronoStrain/chronostrain_cami/core_genome_only/core_genomes/spneumoniae/SP53_S39.fna	0	
Streptococcus	pneumoniae	SP54_S40	SP54_S40	SP54_S40	/dodo/rl152/ChronoStrain/chronostrain_cami/core_genome_only/core_genomes/spneumoniae/SP54_S40.fna	0	
Streptococcus	pneumoniae	SP55_S41	SP55_S41	SP55_S41	/dodo/rl152/ChronoStrain/chronostrain_cami/core_genome_only/core_genomes/spneumoniae/SP55_S41.fna	0	
Streptococcus	pneumoniae	SP56_S42	SP56_S42	SP56_S42	/dodo/rl152/ChronoStrain/chronostrain_cami/core_genome_only/core_genomes/spneumoniae/SP56_S42.fna	0	
Streptococcus	pneumoniae	SP57_S43	SP57_S43	SP57_S43	/dodo/rl152/ChronoStrain/chronostrain_cami/core_genome_only/core_genomes/spneumoniae/SP57_S43.fna	0	
Streptococcus	pneumoniae	SP58_S44	SP58_S44	SP58_S44	/dodo/rl152/ChronoStrain/chronostrain_cami/core_genome_only/core_genomes/spneumoniae/SP58_S44.fna	0	
Streptococcus	pneumoniae	SP59_S47	SP59_S47	SP59_S47	/dodo/rl152/ChronoStrain/chronostrain_cami/core_genome_only/core_genomes/spneumoniae/SP59_S47.fna	0	
Streptococcus	pneumoniae	SP60_S48	SP60_S48	SP60_S48	/dodo/rl152/ChronoStrain/chronostrain_cami/core_genome_only/core_genomes/spneumoniae/SP60_S48.fna	0	
Streptococcus	pneumoniae	SP61_S45	SP61_S45	SP61_S45	/dodo/rl152/ChronoStrain/chronostrain_cami/core_genome_only/core_genomes/spneumoniae/SP61_S45.fna	0	
Streptococcus	pneumoniae	SP62_S46	SP62_S46	SP62_S46	/dodo/rl152/ChronoStrain/chronostrain_cami/core_genome_only/core_genomes/spneumoniae/SP62_S46.fna	0	
Streptococcus	pneumoniae	SP63_S49	SP63_S49	SP63_S49	/dodo/rl152/ChronoStrain/chronostrain_cami/core_genome_only/core_genomes/spneumoniae/SP63_S49.fna	0	
Streptococcus	pneumoniae	SP64_S79	SP64_S79	SP64_S79	/dodo/rl152/ChronoStrain/chronostrain_cami/core_genome_only/core_genomes/spneumoniae/SP64_S79.fna	0	
Streptococcus	pneumoniae	SP65_S80	SP65_S80	SP65_S80	/dodo/rl152/ChronoStrain/chronostrain_cami/core_genome_only/core_genomes/spneumoniae/SP65_S80.fna	0	
Streptococcus	pneumoniae	SP67_S50	SP67_S50	SP67_S50	/dodo/rl152/ChronoStrain/chronostrain_cami/core_genome_only/core_genomes/spneumoniae/SP67_S50.fna	0	
Streptococcus	pneumoniae	SP69_S52	SP69_S52	SP69_S52	/dodo/rl152/ChronoStrain/chronostrain_cami/core_genome_only/core_genomes/spneumoniae/SP69_S52.fna	0	
Streptococcus	pneumoniae	SP6_S88	SP6_S88	SP6_S88	/dodo/rl152/ChronoStrain/chronostrain_cami/core_genome_only/core_genomes/spneumoniae/SP6_S88.fna	0	
Streptococcus	pneumoniae	SP70_S53	SP70_S53	SP70_S53	/dodo/rl152/ChronoStrain/chronostrain_cami/core_genome_only/core_genomes/spneumoniae/SP70_S53.fna	0	
Streptococcus	pneumoniae	SP71_S54	SP71_S54	SP71_S54	/dodo/rl152/ChronoStrain/chronostrain_cami/core_genome_only/core_genomes/spneumoniae/SP71_S54.fna	0	
Streptococcus	pneumoniae	SP72_S55	SP72_S55	SP72_S55	/dodo/rl152/ChronoStrain/chronostrain_cami/core_genome_only/core_genomes/spneumoniae/SP72_S55.fna	0	
Streptococcus	pneumoniae	SP73_S56	SP73_S56	SP73_S56	/dodo/rl152/ChronoStrain/chronostrain_cami/core_genome_only/core_genomes/spneumoniae/SP73_S56.fna	0	
Streptococcus	pneumoniae	SP74_S57	SP74_S57	SP74_S57	/dodo/rl152/ChronoStrain/chronostrain_cami/core_genome_only/core_genomes/spneumoniae/SP74_S57.fna	0	
Streptococcus	pneumoniae	SP75_S58	SP75_S58	SP75_S58	/dodo/rl152/ChronoStrain/chronostrain_cami/core_genome_only/core_genomes/spneumoniae/SP75_S58.fna	0	
Streptococcus	pneumoniae	SP76_S59	SP76_S59	SP76_S59	/dodo/rl152/ChronoStrain/chronostrain_cami/core_genome_only/core_genomes/spneumoniae/SP76_S59.fna	0	
Streptococcus	pneumoniae	SP77_S60	SP77_S60	SP77_S60	/dodo/rl152/ChronoStrain/chronostrain_cami/core_genome_only/core_genomes/spneumoniae/SP77_S60.fna	0	
Streptococcus	pneumoniae	SP78_S61	SP78_S61	SP78_S61	/dodo/rl152/ChronoStrain/chronostrain_cami/core_genome_only/core_genomes/spneumoniae/SP78_S61.fna	0	
Streptococcus	pneumoniae	SP79_S62	SP79_S62	SP79_S62	/dodo/rl152/ChronoStrain/chronostrain_cami/core_genome_only/core_genomes/spneumoniae/SP79_S62.fna	0	
Streptococcus	pneumoniae	SP7_S4	SP7_S4	SP7_S4	/dodo/rl152/ChronoStrain/chronostrain_cami/core_genome_only/core_genomes/spneumoniae/SP7_S4.fna	0	
Streptococcus	pneumoniae	SP80_S63	SP80_S63	SP80_S63	/dodo/rl152/ChronoStrain/chronostrain_cami/core_genome_only/core_genomes/spneumoniae/SP80_S63.fna	0	
Streptococcus	pneumoniae	SP81_S64	SP81_S64	SP81_S64	/dodo/rl152/ChronoStrain/chronostrain_cami/core_genome_only/core_genomes/spneumoniae/SP81_S64.fna	0	
Streptococcus	pneumoniae	SP82_S65	SP82_S65	SP82_S65	/dodo/rl152/ChronoStrain/chronostrain_cami/core_genome_only/core_genomes/spneumoniae/SP82_S65.fna	0	
Streptococcus	pneumoniae	SP83_S66	SP83_S66	SP83_S66	/dodo/rl152/ChronoStrain/chronostrain_cami/core_genome_only/core_genomes/spneumoniae/SP83_S66.fna	0	
Streptococcus	pneumoniae	SP84_S67	SP84_S67	SP84_S67	/dodo/rl152/ChronoStrain/chronostrain_cami/core_genome_only/core_genomes/spneumoniae/SP84_S67.fna	0	
Streptococcus	pneumoniae	SP85_S68	SP85_S68	SP85_S68	/dodo/rl152/ChronoStrain/chronostrain_cami/core_genome_only/core_genomes/spneumoniae/SP85_S68.fna	0	
Streptococcus	pneumoniae	SP86_S69	SP86_S69	SP86_S69	/dodo/rl152/ChronoStrain/chronostrain_cami/core_genome_only/core_genomes/spneumoniae/SP86_S69.fna	0	
Streptococcus	pneumoniae	SP87_S70	SP87_S70	SP87_S70	/dodo/rl152/ChronoStrain/chronostrain_cami/core_genome_only/core_genomes/spneumoniae/SP87_S70.fna	0	
Streptococcus	pneumoniae	SP88_S94	SP88_S94	SP88_S94	/dodo/rl152/ChronoStrain/chronostrain_cami/core_genome_only/core_genomes/spneumoniae/SP88_S94.fna	0	
Streptococcus	pneumoniae	SP8_S5	SP8_S5	SP8_S5	/dodo/rl152/ChronoStrain/chronostrain_cami/core_genome_only/core_genomes/spneumoniae/SP8_S5.fna	0	
Streptococcus	pneumoniae	SP91_S72	SP91_S72	SP91_S72	/dodo/rl152/ChronoStrain/chronostrain_cami/core_genome_only/core_genomes/spneumoniae/SP91_S72.fna	0	
Streptococcus	pneumoniae	SP92_S73	SP92_S73	SP92_S73	/dodo/rl152/ChronoStrain/chronostrain_cami/core_genome_only/core_genomes/spneumoniae/SP92_S73.fna	0	
Streptococcus	pneumoniae	SP93_S74	SP93_S74	SP93_S74	/dodo/rl152/ChronoStrain/chronostrain_cami/core_genome_only/core_genomes/spneumoniae/SP93_S74.fna	0	
Streptococcus	pneumoniae	SP94_S75	SP94_S75	SP94_S75	/dodo/rl152/ChronoStrain/chronostrain_cami/core_genome_only/core_genomes/spneumoniae/SP94_S75.fna	0	
Streptococcus	pneumoniae	SP95_S76	SP95_S76	SP95_S76	/dodo/rl152/ChronoStrain/chronostrain_cami/core_genome_only/core_genomes/spneumoniae/SP95_S76.fna	0	
Streptococcus	pneumoniae	SP96_S77	SP96_S77	SP96_S77	/dodo/rl152/ChronoStrain/chronostrain_cami/core_genome_only/core_genomes/spneumoniae/SP96_S77.fna	0	
Streptococcus	pneumoniae	SP97_S78	SP97_S78	SP97_S78	/dodo/rl152/ChronoStrain/chronostrain_cami/core_genome_only/core_genomes/spneumoniae/SP97_S78.fna	0	
Streptococcus	pneumoniae	SP99_S80	SP99_S80	SP99_S80	/dodo/rl152/ChronoStrain/chronostrain_cami/core_genome_only/core_genomes/spneumoniae/SP99_S80.fna	0	
Streptococcus	pneumoniae	SP9_S6	SP9_S6	SP9_S6	/dodo/rl152/ChronoStrain/chronostrain_cami/core_genome_only/core_genomes/spneumoniae/SP9_S6.fna	0	
Escherichia	coli	spades_And10026_S11_L001	spades_And10026_S11_L001	spades_And10026_S11_L001	/dodo/rl152/ChronoStrain/chronostrain_cami/core_genome_only/core_genomes/ecoli/spades_And10026_S11_L001.fna	0	
Escherichia	coli	spades_And10062_S12_L001	spades_And10062_S12_L001	spades_And10062_S12_L001	/dodo/rl152/ChronoStrain/chronostrain_cami/core_genome_only/core_genomes/ecoli/spades_And10062_S12_L001.fna	0	
Escherichia	coli	spades_And10073_S10_L001	spades_And10073_S10_L001	spades_And10073_S10_L001	/dodo/rl152/ChronoStrain/chronostrain_cami/core_genome_only/core_genomes/ecoli/spades_And10073_S10_L001.fna	0	
Escherichia	coli	spades_And4180_S6_L001	spades_And4180_S6_L001	spades_And4180_S6_L001	/dodo/rl152/ChronoStrain/chronostrain_cami/core_genome_only/core_genomes/ecoli/spades_And4180_S6_L001.fna	0	
Escherichia	coli	spades_And4191_S5_L001	spades_And4191_S5_L001	spades_And4191_S5_L001	/dodo/rl152/ChronoStrain/chronostrain_cami/core_genome_only/core_genomes/ecoli/spades_And4191_S5_L001.fna	0	
Klebsiella	pneumoniae	spades_And4246_S5_L001	spades_And4246_S5_L001	spades_And4246_S5_L001	/dodo/rl152/ChronoStrain/chronostrain_cami/core_genome_only/core_genomes/kpneumoniae/spades_And4246_S5_L001.fna	0	
Escherichia	coli	spades_And4355_S8_L001	spades_And4355_S8_L001	spades_And4355_S8_L001	/dodo/rl152/ChronoStrain/chronostrain_cami/core_genome_only/core_genomes/ecoli/spades_And4355_S8_L001.fna	0	
Escherichia	coli	spades_And4366_S2_L001	spades_And4366_S2_L001	spades_And4366_S2_L001	/dodo/rl152/ChronoStrain/chronostrain_cami/core_genome_only/core_genomes/ecoli/spades_And4366_S2_L001.fna	0	
Escherichia	coli	spades_AND4471_S1_L001	spades_AND4471_S1_L001	spades_AND4471_S1_L001	/dodo/rl152/ChronoStrain/chronostrain_cami/core_genome_only/core_genomes/ecoli/spades_AND4471_S1_L001.fna	0	
Klebsiella	pneumoniae	spades_And4500_S1_L001	spades_And4500_S1_L001	spades_And4500_S1_L001	/dodo/rl152/ChronoStrain/chronostrain_cami/core_genome_only/core_genomes/kpneumoniae/spades_And4500_S1_L001.fna	0	
Klebsiella	pneumoniae	spades_And4543_S2_L001	spades_And4543_S2_L001	spades_And4543_S2_L001	/dodo/rl152/ChronoStrain/chronostrain_cami/core_genome_only/core_genomes/kpneumoniae/spades_And4543_S2_L001.fna	0	
Escherichia	coli	spades_And4613_S9_L001	spades_And4613_S9_L001	spades_And4613_S9_L001	/dodo/rl152/ChronoStrain/chronostrain_cami/core_genome_only/core_genomes/ecoli/spades_And4613_S9_L001.fna	0	
Escherichia	coli	spades_And4621_S3_L001	spades_And4621_S3_L001	spades_And4621_S3_L001	/dodo/rl152/ChronoStrain/chronostrain_cami/core_genome_only/core_genomes/ecoli/spades_And4621_S3_L001.fna	0	
Escherichia	coli	spades_And4858_S9_L001	spades_And4858_S9_L001	spades_And4858_S9_L001	/dodo/rl152/ChronoStrain/chronostrain_cami/core_genome_only/core_genomes/ecoli/spades_And4858_S9_L001.fna	0	
Escherichia	coli	spades_And4902_S2_L001	spades_And4902_S2_L001	spades_And4902_S2_L001	/dodo/rl152/ChronoStrain/chronostrain_cami/core_genome_only/core_genomes/ecoli/spades_And4902_S2_L001.fna	0	
Escherichia	coli	spades_And4955_S10_L001	spades_And4955_S10_L001	spades_And4955_S10_L001	/dodo/rl152/ChronoStrain/chronostrain_cami/core_genome_only/core_genomes/ecoli/spades_And4955_S10_L001.fna	0	
Escherichia	coli	spades_And5042_S4_L001	spades_And5042_S4_L001	spades_And5042_S4_L001	/dodo/rl152/ChronoStrain/chronostrain_cami/core_genome_only/core_genomes/ecoli/spades_And5042_S4_L001.fna	0	
Escherichia	coli	spades_And5141_S4_L001	spades_And5141_S4_L001	spades_And5141_S4_L001	/dodo/rl152/ChronoStrain/chronostrain_cami/core_genome_only/core_genomes/ecoli/spades_And5141_S4_L001.fna	0	
Escherichia	coli	spades_And5192_S3_L001	spades_And5192_S3_L001	spades_And5192_S3_L001	/dodo/rl152/ChronoStrain/chronostrain_cami/core_genome_only/core_genomes/ecoli/spades_And5192_S3_L001.fna	0	
Escherichia	coli	spades_And5213_S1_L001	spades_And5213_S1_L001	spades_And5213_S1_L001	/dodo/rl152/ChronoStrain/chronostrain_cami/core_genome_only/core_genomes/ecoli/spades_And5213_S1_L001.fna	0	
Escherichia	coli	spades_And5232_S2_L001	spades_And5232_S2_L001	spades_And5232_S2_L001	/dodo/rl152/ChronoStrain/chronostrain_cami/core_genome_only/core_genomes/ecoli/spades_And5232_S2_L001.fna	0	
Klebsiella	pneumoniae	spades_And5237_S4_L001	spades_And5237_S4_L001	spades_And5237_S4_L001	/dodo/rl152/ChronoStrain/chronostrain_cami/core_genome_only/core_genomes/kpneumoniae/spades_And5237_S4_L001.fna	0	
Klebsiella	pneumoniae	spades_And5284_S5_L001	spades_And5284_S5_L001	spades_And5284_S5_L001	/dodo/rl152/ChronoStrain/chronostrain_cami/core_genome_only/core_genomes/kpneumoniae/spades_And5284_S5_L001.fna	0	
Klebsiella	pneumoniae	spades_And5315_S3_L001	spades_And5315_S3_L001	spades_And5315_S3_L001	/dodo/rl152/ChronoStrain/chronostrain_cami/core_genome_only/core_genomes/kpneumoniae/spades_And5315_S3_L001.fna	0	
Escherichia	coli	spades_And5388_S8_L001	spades_And5388_S8_L001	spades_And5388_S8_L001	/dodo/rl152/ChronoStrain/chronostrain_cami/core_genome_only/core_genomes/ecoli/spades_And5388_S8_L001.fna	0	
Escherichia	coli	spades_And5444_S7_L001	spades_And5444_S7_L001	spades_And5444_S7_L001	/dodo/rl152/ChronoStrain/chronostrain_cami/core_genome_only/core_genomes/ecoli/spades_And5444_S7_L001.fna	0	
Klebsiella	pneumoniae	spades_And5527_S8_L001	spades_And5527_S8_L001	spades_And5527_S8_L001	/dodo/rl152/ChronoStrain/chronostrain_cami/core_genome_only/core_genomes/kpneumoniae/spades_And5527_S8_L001.fna	0	
Klebsiella	pneumoniae	spades_And5533_S9_L001	spades_And5533_S9_L001	spades_And5533_S9_L001	/dodo/rl152/ChronoStrain/chronostrain_cami/core_genome_only/core_genomes/kpneumoniae/spades_And5533_S9_L001.fna	0	
Klebsiella	pneumoniae	spades_And6098_S1_L001	spades_And6098_S1_L001	spades_And6098_S1_L001	/dodo/rl152/ChronoStrain/chronostrain_cami/core_genome_only/core_genomes/kpneumoniae/spades_And6098_S1_L001.fna	0	
Klebsiella	pneumoniae	spades_And6100_S3_L001	spades_And6100_S3_L001	spades_And6100_S3_L001	/dodo/rl152/ChronoStrain/chronostrain_cami/core_genome_only/core_genomes/kpneumoniae/spades_And6100_S3_L001.fna	0	
Klebsiella	pneumoniae	spades_And6166_S1_L001	spades_And6166_S1_L001	spades_And6166_S1_L001	/dodo/rl152/ChronoStrain/chronostrain_cami/core_genome_only/core_genomes/kpneumoniae/spades_And6166_S1_L001.fna	0	
Klebsiella	pneumoniae	spades_And6241_S2_L001	spades_And6241_S2_L001	spades_And6241_S2_L001	/dodo/rl152/ChronoStrain/chronostrain_cami/core_genome_only/core_genomes/kpneumoniae/spades_And6241_S2_L001.fna	0	
Escherichia	coli	spades_And6342_S10_L001	spades_And6342_S10_L001	spades_And6342_S10_L001	/dodo/rl152/ChronoStrain/chronostrain_cami/core_genome_only/core_genomes/ecoli/spades_And6342_S10_L001.fna	0	
Escherichia	coli	spades_And6399_S9_L001	spades_And6399_S9_L001	spades_And6399_S9_L001	/dodo/rl152/ChronoStrain/chronostrain_cami/core_genome_only/core_genomes/ecoli/spades_And6399_S9_L001.fna	0	
Escherichia	coli	spades_And6400_S11_L001	spades_And6400_S11_L001	spades_And6400_S11_L001	/dodo/rl152/ChronoStrain/chronostrain_cami/core_genome_only/core_genomes/ecoli/spades_And6400_S11_L001.fna	0	
Klebsiella	pneumoniae	spades_And6442_S8_L001	spades_And6442_S8_L001	spades_And6442_S8_L001	/dodo/rl152/ChronoStrain/chronostrain_cami/core_genome_only/core_genomes/kpneumoniae/spades_And6442_S8_L001.fna	0	
Klebsiella	pneumoniae	spades_And6884_S7_L001	spades_And6884_S7_L001	spades_And6884_S7_L001	/dodo/rl152/ChronoStrain/chronostrain_cami/core_genome_only/core_genomes/kpneumoniae/spades_And6884_S7_L001.fna	0	
Escherichia	coli	spades_And7051_S7_L001	spades_And7051_S7_L001	spades_And7051_S7_L001	/dodo/rl152/ChronoStrain/chronostrain_cami/core_genome_only/core_genomes/ecoli/spades_And7051_S7_L001.fna	0	
Escherichia	coli	spades_And7187_S3_L001	spades_And7187_S3_L001	spades_And7187_S3_L001	/dodo/rl152/ChronoStrain/chronostrain_cami/core_genome_only/core_genomes/ecoli/spades_And7187_S3_L001.fna	0	
Escherichia	coli	spades_And7225_S6_L001	spades_And7225_S6_L001	spades_And7225_S6_L001	/dodo/rl152/ChronoStrain/chronostrain_cami/core_genome_only/core_genomes/ecoli/spades_And7225_S6_L001.fna	0	
Escherichia	coli	spades_And7556_S8_L001	spades_And7556_S8_L001	spades_And7556_S8_L001	/dodo/rl152/ChronoStrain/chronostrain_cami/core_genome_only/core_genomes/ecoli/spades_And7556_S8_L001.fna	0	
Klebsiella	pneumoniae	spades_AND8064_S11_L001	spades_AND8064_S11_L001	spades_AND8064_S11_L001	/dodo/rl152/ChronoStrain/chronostrain_cami/core_genome_only/core_genomes/kpneumoniae/spades_AND8064_S11_L001.fna	0	
Klebsiella	pneumoniae	spades_AND8281_S12_L001	spades_AND8281_S12_L001	spades_AND8281_S12_L001	/dodo/rl152/ChronoStrain/chronostrain_cami/core_genome_only/core_genomes/kpneumoniae/spades_AND8281_S12_L001.fna	0	
Klebsiella	pneumoniae	spades_AND8302_S10_L001	spades_AND8302_S10_L001	spades_AND8302_S10_L001	/dodo/rl152/ChronoStrain/chronostrain_cami/core_genome_only/core_genomes/kpneumoniae/spades_AND8302_S10_L001.fna	0	
Escherichia	coli	spades_And8344_S10_L001	spades_And8344_S10_L001	spades_And8344_S10_L001	/dodo/rl152/ChronoStrain/chronostrain_cami/core_genome_only/core_genomes/ecoli/spades_And8344_S10_L001.fna	0	
Klebsiella	pneumoniae	spades_And8381_S10_L001	spades_And8381_S10_L001	spades_And8381_S10_L001	/dodo/rl152/ChronoStrain/chronostrain_cami/core_genome_only/core_genomes/kpneumoniae/spades_And8381_S10_L001.fna	0	
Escherichia	coli	spades_And8382_S4_L001	spades_And8382_S4_L001	spades_And8382_S4_L001	/dodo/rl152/ChronoStrain/chronostrain_cami/core_genome_only/core_genomes/ecoli/spades_And8382_S4_L001.fna	0	
Escherichia	coli	spades_And8388_S5_L001	spades_And8388_S5_L001	spades_And8388_S5_L001	/dodo/rl152/ChronoStrain/chronostrain_cami/core_genome_only/core_genomes/ecoli/spades_And8388_S5_L001.fna	0	
Klebsiella	pneumoniae	spades_And8423_S6_L001	spades_And8423_S6_L001	spades_And8423_S6_L001	/dodo/rl152/ChronoStrain/chronostrain_cami/core_genome_only/core_genomes/kpneumoniae/spades_And8423_S6_L001.fna	0	
Klebsiella	pneumoniae	spades_And8454_S5_L001	spades_And8454_S5_L001	spades_And8454_S5_L001	/dodo/rl152/ChronoStrain/chronostrain_cami/core_genome_only/core_genomes/kpneumoniae/spades_And8454_S5_L001.fna	0	
Klebsiella	pneumoniae	spades_And8655_S10_L001	spades_And8655_S10_L001	spades_And8655_S10_L001	/dodo/rl152/ChronoStrain/chronostrain_cami/core_genome_only/core_genomes/kpneumoniae/spades_And8655_S10_L001.fna	0	
Klebsiella	pneumoniae	spades_And8688_S9_L001	spades_And8688_S9_L001	spades_And8688_S9_L001	/dodo/rl152/ChronoStrain/chronostrain_cami/core_genome_only/core_genomes/kpneumoniae/spades_And8688_S9_L001.fna	0	
Escherichia	coli	spades_And8909_S4_L001	spades_And8909_S4_L001	spades_And8909_S4_L001	/dodo/rl152/ChronoStrain/chronostrain_cami/core_genome_only/core_genomes/ecoli/spades_And8909_S4_L001.fna	0	
Klebsiella	pneumoniae	spades_And9053_S12_L001	spades_And9053_S12_L001	spades_And9053_S12_L001	/dodo/rl152/ChronoStrain/chronostrain_cami/core_genome_only/core_genomes/kpneumoniae/spades_And9053_S12_L001.fna	0	
Klebsiella	pneumoniae	spades_And9076_S11_L001	spades_And9076_S11_L001	spades_And9076_S11_L001	/dodo/rl152/ChronoStrain/chronostrain_cami/core_genome_only/core_genomes/kpneumoniae/spades_And9076_S11_L001.fna	0	
Escherichia	coli	spades_And9183_S10_L001	spades_And9183_S10_L001	spades_And9183_S10_L001	/dodo/rl152/ChronoStrain/chronostrain_cami/core_genome_only/core_genomes/ecoli/spades_And9183_S10_L001.fna	0	
Escherichia	coli	spades_AND9183_S11_L001	spades_AND9183_S11_L001	spades_AND9183_S11_L001	/dodo/rl152/ChronoStrain/chronostrain_cami/core_genome_only/core_genomes/ecoli/spades_AND9183_S11_L001.fna	0	
Escherichia	coli	spades_And9205_S9_L001	spades_And9205_S9_L001	spades_And9205_S9_L001	/dodo/rl152/ChronoStrain/chronostrain_cami/core_genome_only/core_genomes/ecoli/spades_And9205_S9_L001.fna	0	
Klebsiella	pneumoniae	spades_And9353_S7_L001	spades_And9353_S7_L001	spades_And9353_S7_L001	/dodo/rl152/ChronoStrain/chronostrain_cami/core_genome_only/core_genomes/kpneumoniae/spades_And9353_S7_L001.fna	0	
Klebsiella	pneumoniae	spades_And9387_S6_L001	spades_And9387_S6_L001	spades_And9387_S6_L001	/dodo/rl152/ChronoStrain/chronostrain_cami/core_genome_only/core_genomes/kpneumoniae/spades_And9387_S6_L001.fna	0	
Escherichia	coli	spades_And9426_S4_L001	spades_And9426_S4_L001	spades_And9426_S4_L001	/dodo/rl152/ChronoStrain/chronostrain_cami/core_genome_only/core_genomes/ecoli/spades_And9426_S4_L001.fna	0	
Escherichia	coli	spades_And9454_S3_L001	spades_And9454_S3_L001	spades_And9454_S3_L001	/dodo/rl152/ChronoStrain/chronostrain_cami/core_genome_only/core_genomes/ecoli/spades_And9454_S3_L001.fna	0	
Escherichia	coli	spades_And9653_S7_L001	spades_And9653_S7_L001	spades_And9653_S7_L001	/dodo/rl152/ChronoStrain/chronostrain_cami/core_genome_only/core_genomes/ecoli/spades_And9653_S7_L001.fna	0	
Escherichia	coli	spades_And9693_S1_L001	spades_And9693_S1_L001	spades_And9693_S1_L001	/dodo/rl152/ChronoStrain/chronostrain_cami/core_genome_only/core_genomes/ecoli/spades_And9693_S1_L001.fna	0	
Escherichia	coli	spades_And9746_S7_L001	spades_And9746_S7_L001	spades_And9746_S7_L001	/dodo/rl152/ChronoStrain/chronostrain_cami/core_genome_only/core_genomes/ecoli/spades_And9746_S7_L001.fna	0	
Escherichia	coli	spades_And9855_S12_L001	spades_And9855_S12_L001	spades_And9855_S12_L001	/dodo/rl152/ChronoStrain/chronostrain_cami/core_genome_only/core_genomes/ecoli/spades_And9855_S12_L001.fna	0	
Escherichia	coli	spades_ESBL10011_S11_L001	spades_ESBL10011_S11_L001	spades_ESBL10011_S11_L001	/dodo/rl152/ChronoStrain/chronostrain_cami/core_genome_only/core_genomes/ecoli/spades_ESBL10011_S11_L001.fna	0	
Escherichia	coli	spades_ESBL10030_S2_L001	spades_ESBL10030_S2_L001	spades_ESBL10030_S2_L001	/dodo/rl152/ChronoStrain/chronostrain_cami/core_genome_only/core_genomes/ecoli/spades_ESBL10030_S2_L001.fna	0	
Escherichia	coli	spades_ESBL10055_S8_L001	spades_ESBL10055_S8_L001	spades_ESBL10055_S8_L001	/dodo/rl152/ChronoStrain/chronostrain_cami/core_genome_only/core_genomes/ecoli/spades_ESBL10055_S8_L001.fna	0	
Escherichia	coli	spades_ESBL10056_S9_L001	spades_ESBL10056_S9_L001	spades_ESBL10056_S9_L001	/dodo/rl152/ChronoStrain/chronostrain_cami/core_genome_only/core_genomes/ecoli/spades_ESBL10056_S9_L001.fna	0	
Escherichia	coli	spades_ESBL1009_S1_L001	spades_ESBL1009_S1_L001	spades_ESBL1009_S1_L001	/dodo/rl152/ChronoStrain/chronostrain_cami/core_genome_only/core_genomes/ecoli/spades_ESBL1009_S1_L001.fna	0	
Escherichia	coli	spades_ESBL5402_S6_L001	spades_ESBL5402_S6_L001	spades_ESBL5402_S6_L001	/dodo/rl152/ChronoStrain/chronostrain_cami/core_genome_only/core_genomes/ecoli/spades_ESBL5402_S6_L001.fna	0	
Escherichia	coli	spades_ESBL5481_S10_L001	spades_ESBL5481_S10_L001	spades_ESBL5481_S10_L001	/dodo/rl152/ChronoStrain/chronostrain_cami/core_genome_only/core_genomes/ecoli/spades_ESBL5481_S10_L001.fna	0	
Escherichia	coli	spades_ESBL5497_S3_L001	spades_ESBL5497_S3_L001	spades_ESBL5497_S3_L001	/dodo/rl152/ChronoStrain/chronostrain_cami/core_genome_only/core_genomes/ecoli/spades_ESBL5497_S3_L001.fna	0	
Escherichia	coli	spades_ESBL5533_S4_L001	spades_ESBL5533_S4_L001	spades_ESBL5533_S4_L001	/dodo/rl152/ChronoStrain/chronostrain_cami/core_genome_only/core_genomes/ecoli/spades_ESBL5533_S4_L001.fna	0	
Escherichia	coli	spades_ESBL5609_S2_L001	spades_ESBL5609_S2_L001	spades_ESBL5609_S2_L001	/dodo/rl152/ChronoStrain/chronostrain_cami/core_genome_only/core_genomes/ecoli/spades_ESBL5609_S2_L001.fna	0	
Escherichia	coli	spades_ESBL5613_S5_L001	spades_ESBL5613_S5_L001	spades_ESBL5613_S5_L001	/dodo/rl152/ChronoStrain/chronostrain_cami/core_genome_only/core_genomes/ecoli/spades_ESBL5613_S5_L001.fna	0	
Escherichia	coli	spades_ESBL5621_S1_L001	spades_ESBL5621_S1_L001	spades_ESBL5621_S1_L001	/dodo/rl152/ChronoStrain/chronostrain_cami/core_genome_only/core_genomes/ecoli/spades_ESBL5621_S1_L001.fna	0	
Escherichia	coli	spades_ESBL5660_S7_L001	spades_ESBL5660_S7_L001	spades_ESBL5660_S7_L001	/dodo/rl152/ChronoStrain/chronostrain_cami/core_genome_only/core_genomes/ecoli/spades_ESBL5660_S7_L001.fna	0	
Escherichia	coli	spades_ESBL5734_S3_L001	spades_ESBL5734_S3_L001	spades_ESBL5734_S3_L001	/dodo/rl152/ChronoStrain/chronostrain_cami/core_genome_only/core_genomes/ecoli/spades_ESBL5734_S3_L001.fna	0	
Escherichia	coli	spades_ESBL5772_S6_L001	spades_ESBL5772_S6_L001	spades_ESBL5772_S6_L001	/dodo/rl152/ChronoStrain/chronostrain_cami/core_genome_only/core_genomes/ecoli/spades_ESBL5772_S6_L001.fna	0	
Escherichia	coli	spades_ESBL5780_S5_L001	spades_ESBL5780_S5_L001	spades_ESBL5780_S5_L001	/dodo/rl152/ChronoStrain/chronostrain_cami/core_genome_only/core_genomes/ecoli/spades_ESBL5780_S5_L001.fna	0	
Escherichia	coli	spades_ESBL5784_S3_L001	spades_ESBL5784_S3_L001	spades_ESBL5784_S3_L001	/dodo/rl152/ChronoStrain/chronostrain_cami/core_genome_only/core_genomes/ecoli/spades_ESBL5784_S3_L001.fna	0	
Escherichia	coli	spades_ESBL5786_S5_L001	spades_ESBL5786_S5_L001	spades_ESBL5786_S5_L001	/dodo/rl152/ChronoStrain/chronostrain_cami/core_genome_only/core_genomes/ecoli/spades_ESBL5786_S5_L001.fna	0	
Escherichia	coli	spades_ESBL5792_S6_L001	spades_ESBL5792_S6_L001	spades_ESBL5792_S6_L001	/dodo/rl152/ChronoStrain/chronostrain_cami/core_genome_only/core_genomes/ecoli/spades_ESBL5792_S6_L001.fna	0	
Escherichia	coli	spades_ESBL5817_S7_L001	spades_ESBL5817_S7_L001	spades_ESBL5817_S7_L001	/dodo/rl152/ChronoStrain/chronostrain_cami/core_genome_only/core_genomes/ecoli/spades_ESBL5817_S7_L001.fna	0	
Escherichia	coli	spades_ESBL5827_S10_L001	spades_ESBL5827_S10_L001	spades_ESBL5827_S10_L001	/dodo/rl152/ChronoStrain/chronostrain_cami/core_genome_only/core_genomes/ecoli/spades_ESBL5827_S10_L001.fna	0	
Escherichia	coli	spades_ESBL5852_S11_L001	spades_ESBL5852_S11_L001	spades_ESBL5852_S11_L001	/dodo/rl152/ChronoStrain/chronostrain_cami/core_genome_only/core_genomes/ecoli/spades_ESBL5852_S11_L001.fna	0	
Escherichia	coli	spades_ESBL5872_S5_L001	spades_ESBL5872_S5_L001	spades_ESBL5872_S5_L001	/dodo/rl152/ChronoStrain/chronostrain_cami/core_genome_only/core_genomes/ecoli/spades_ESBL5872_S5_L001.fna	0	
Escherichia	coli	spades_ESBL5909_S5_L001	spades_ESBL5909_S5_L001	spades_ESBL5909_S5_L001	/dodo/rl152/ChronoStrain/chronostrain_cami/core_genome_only/core_genomes/ecoli/spades_ESBL5909_S5_L001.fna	0	
Escherichia	coli	spades_ESBL6101_S9_L001	spades_ESBL6101_S9_L001	spades_ESBL6101_S9_L001	/dodo/rl152/ChronoStrain/chronostrain_cami/core_genome_only/core_genomes/ecoli/spades_ESBL6101_S9_L001.fna	0	
Escherichia	coli	spades_ESBL6164_S11_L001	spades_ESBL6164_S11_L001	spades_ESBL6164_S11_L001	/dodo/rl152/ChronoStrain/chronostrain_cami/core_genome_only/core_genomes/ecoli/spades_ESBL6164_S11_L001.fna	0	
Escherichia	coli	spades_ESBL6200_S12_L001	spades_ESBL6200_S12_L001	spades_ESBL6200_S12_L001	/dodo/rl152/ChronoStrain/chronostrain_cami/core_genome_only/core_genomes/ecoli/spades_ESBL6200_S12_L001.fna	0	
Escherichia	coli	spades_ESBL6210_S10_L001	spades_ESBL6210_S10_L001	spades_ESBL6210_S10_L001	/dodo/rl152/ChronoStrain/chronostrain_cami/core_genome_only/core_genomes/ecoli/spades_ESBL6210_S10_L001.fna	0	
Escherichia	coli	spades_ESBL6351_S5_L001	spades_ESBL6351_S5_L001	spades_ESBL6351_S5_L001	/dodo/rl152/ChronoStrain/chronostrain_cami/core_genome_only/core_genomes/ecoli/spades_ESBL6351_S5_L001.fna	0	
Escherichia	coli	spades_ESBL6364_S9_L001	spades_ESBL6364_S9_L001	spades_ESBL6364_S9_L001	/dodo/rl152/ChronoStrain/chronostrain_cami/core_genome_only/core_genomes/ecoli/spades_ESBL6364_S9_L001.fna	0	
Klebsiella	pneumoniae	spades_ESBL6409_S4_L001	spades_ESBL6409_S4_L001	spades_ESBL6409_S4_L001	/dodo/rl152/ChronoStrain/chronostrain_cami/core_genome_only/core_genomes/kpneumoniae/spades_ESBL6409_S4_L001.fna	0	
Escherichia	coli	spades_ESBL6418_S2_L001	spades_ESBL6418_S2_L001	spades_ESBL6418_S2_L001	/dodo/rl152/ChronoStrain/chronostrain_cami/core_genome_only/core_genomes/ecoli/spades_ESBL6418_S2_L001.fna	0	
Escherichia	coli	spades_ESBL6455_S6_L001	spades_ESBL6455_S6_L001	spades_ESBL6455_S6_L001	/dodo/rl152/ChronoStrain/chronostrain_cami/core_genome_only/core_genomes/ecoli/spades_ESBL6455_S6_L001.fna	0	
Klebsiella	pneumoniae	spades_ESBL6515_S2_L001	spades_ESBL6515_S2_L001	spades_ESBL6515_S2_L001	/dodo/rl152/ChronoStrain/chronostrain_cami/core_genome_only/core_genomes/kpneumoniae/spades_ESBL6515_S2_L001.fna	0	
Klebsiella	pneumoniae	spades_ESBL6620_S4_L001	spades_ESBL6620_S4_L001	spades_ESBL6620_S4_L001	/dodo/rl152/ChronoStrain/chronostrain_cami/core_genome_only/core_genomes/kpneumoniae/spades_ESBL6620_S4_L001.fna	0	
Klebsiella	pneumoniae	spades_ESBL6628_S5_L001	spades_ESBL6628_S5_L001	spades_ESBL6628_S5_L001	/dodo/rl152/ChronoStrain/chronostrain_cami/core_genome_only/core_genomes/kpneumoniae/spades_ESBL6628_S5_L001.fna	0	
Escherichia	coli	spades_ESBL6724_S11_L001	spades_ESBL6724_S11_L001	spades_ESBL6724_S11_L001	/dodo/rl152/ChronoStrain/chronostrain_cami/core_genome_only/core_genomes/ecoli/spades_ESBL6724_S11_L001.fna	0	
Klebsiella	pneumoniae	spades_ESBL6759Q_S12_L001	spades_ESBL6759Q_S12_L001	spades_ESBL6759Q_S12_L001	/dodo/rl152/ChronoStrain/chronostrain_cami/core_genome_only/core_genomes/kpneumoniae/spades_ESBL6759Q_S12_L001.fna	0	
Klebsiella	pneumoniae	spades_ESBL6769_S11_L001	spades_ESBL6769_S11_L001	spades_ESBL6769_S11_L001	/dodo/rl152/ChronoStrain/chronostrain_cami/core_genome_only/core_genomes/kpneumoniae/spades_ESBL6769_S11_L001.fna	0	
Klebsiella	pneumoniae	spades_ESBL6792_S10_L001	spades_ESBL6792_S10_L001	spades_ESBL6792_S10_L001	/dodo/rl152/ChronoStrain/chronostrain_cami/core_genome_only/core_genomes/kpneumoniae/spades_ESBL6792_S10_L001.fna	0	
Escherichia	coli	spades_ESBL6983_S3_L001	spades_ESBL6983_S3_L001	spades_ESBL6983_S3_L001	/dodo/rl152/ChronoStrain/chronostrain_cami/core_genome_only/core_genomes/ecoli/spades_ESBL6983_S3_L001.fna	0	
Escherichia	coli	spades_ESBL7021_S2_L001	spades_ESBL7021_S2_L001	spades_ESBL7021_S2_L001	/dodo/rl152/ChronoStrain/chronostrain_cami/core_genome_only/core_genomes/ecoli/spades_ESBL7021_S2_L001.fna	0	
Escherichia	coli	spades_ESBL7234_S12_L001	spades_ESBL7234_S12_L001	spades_ESBL7234_S12_L001	/dodo/rl152/ChronoStrain/chronostrain_cami/core_genome_only/core_genomes/ecoli/spades_ESBL7234_S12_L001.fna	0	
Escherichia	coli	spades_ESBL7347_S10_L001	spades_ESBL7347_S10_L001	spades_ESBL7347_S10_L001	/dodo/rl152/ChronoStrain/chronostrain_cami/core_genome_only/core_genomes/ecoli/spades_ESBL7347_S10_L001.fna	0	
Escherichia	coli	spades_ESBL7348_S6_L001	spades_ESBL7348_S6_L001	spades_ESBL7348_S6_L001	/dodo/rl152/ChronoStrain/chronostrain_cami/core_genome_only/core_genomes/ecoli/spades_ESBL7348_S6_L001.fna	0	
Escherichia	coli	spades_ESBL7359_S3_L001	spades_ESBL7359_S3_L001	spades_ESBL7359_S3_L001	/dodo/rl152/ChronoStrain/chronostrain_cami/core_genome_only/core_genomes/ecoli/spades_ESBL7359_S3_L001.fna	0	
Escherichia	coli	spades_ESBL7382_S4_L001	spades_ESBL7382_S4_L001	spades_ESBL7382_S4_L001	/dodo/rl152/ChronoStrain/chronostrain_cami/core_genome_only/core_genomes/ecoli/spades_ESBL7382_S4_L001.fna	0	
Escherichia	coli	spades_ESBL7424_S8_L001	spades_ESBL7424_S8_L001	spades_ESBL7424_S8_L001	/dodo/rl152/ChronoStrain/chronostrain_cami/core_genome_only/core_genomes/ecoli/spades_ESBL7424_S8_L001.fna	0	
Escherichia	coli	spades_ESBL7525_S1_L001	spades_ESBL7525_S1_L001	spades_ESBL7525_S1_L001	/dodo/rl152/ChronoStrain/chronostrain_cami/core_genome_only/core_genomes/ecoli/spades_ESBL7525_S1_L001.fna	0	
Escherichia	coli	spades_ESBL7531_S9_L001	spades_ESBL7531_S9_L001	spades_ESBL7531_S9_L001	/dodo/rl152/ChronoStrain/chronostrain_cami/core_genome_only/core_genomes/ecoli/spades_ESBL7531_S9_L001.fna	0	
Escherichia	coli	spades_ESBL7532_S2_L001	spades_ESBL7532_S2_L001	spades_ESBL7532_S2_L001	/dodo/rl152/ChronoStrain/chronostrain_cami/core_genome_only/core_genomes/ecoli/spades_ESBL7532_S2_L001.fna	0	
Escherichia	coli	spades_ESBL7534_S10_L001	spades_ESBL7534_S10_L001	spades_ESBL7534_S10_L001	/dodo/rl152/ChronoStrain/chronostrain_cami/core_genome_only/core_genomes/ecoli/spades_ESBL7534_S10_L001.fna	0	
Klebsiella	pneumoniae	spades_ESBL7553_S11_L001	spades_ESBL7553_S11_L001	spades_ESBL7553_S11_L001	/dodo/rl152/ChronoStrain/chronostrain_cami/core_genome_only/core_genomes/kpneumoniae/spades_ESBL7553_S11_L001.fna	0	
Escherichia	coli	spades_ESBL7586_S7_L001	spades_ESBL7586_S7_L001	spades_ESBL7586_S7_L001	/dodo/rl152/ChronoStrain/chronostrain_cami/core_genome_only/core_genomes/ecoli/spades_ESBL7586_S7_L001.fna	0	
Escherichia	coli	spades_ESBL7634_S2_L001	spades_ESBL7634_S2_L001	spades_ESBL7634_S2_L001	/dodo/rl152/ChronoStrain/chronostrain_cami/core_genome_only/core_genomes/ecoli/spades_ESBL7634_S2_L001.fna	0	
Klebsiella	pneumoniae	spades_ESBL7810_S9_L001	spades_ESBL7810_S9_L001	spades_ESBL7810_S9_L001	/dodo/rl152/ChronoStrain/chronostrain_cami/core_genome_only/core_genomes/kpneumoniae/spades_ESBL7810_S9_L001.fna	0	
Klebsiella	pneumoniae	spades_ESBL7862_S8_L001	spades_ESBL7862_S8_L001	spades_ESBL7862_S8_L001	/dodo/rl152/ChronoStrain/chronostrain_cami/core_genome_only/core_genomes/kpneumoniae/spades_ESBL7862_S8_L001.fna	0	
Klebsiella	pneumoniae	spades_ESBL8075_S12_L001	spades_ESBL8075_S12_L001	spades_ESBL8075_S12_L001	/dodo/rl152/ChronoStrain/chronostrain_cami/core_genome_only/core_genomes/kpneumoniae/spades_ESBL8075_S12_L001.fna	0	
Escherichia	coli	spades_ESBL8411_S7_L001	spades_ESBL8411_S7_L001	spades_ESBL8411_S7_L001	/dodo/rl152/ChronoStrain/chronostrain_cami/core_genome_only/core_genomes/ecoli/spades_ESBL8411_S7_L001.fna	0	
Escherichia	coli	spades_ESBL8514_S7_L001	spades_ESBL8514_S7_L001	spades_ESBL8514_S7_L001	/dodo/rl152/ChronoStrain/chronostrain_cami/core_genome_only/core_genomes/ecoli/spades_ESBL8514_S7_L001.fna	0	
Escherichia	coli	spades_ESBL8604_S8_L001	spades_ESBL8604_S8_L001	spades_ESBL8604_S8_L001	/dodo/rl152/ChronoStrain/chronostrain_cami/core_genome_only/core_genomes/ecoli/spades_ESBL8604_S8_L001.fna	0	
Klebsiella	pneumoniae	spades_ESBL8855_S12_L001	spades_ESBL8855_S12_L001	spades_ESBL8855_S12_L001	/dodo/rl152/ChronoStrain/chronostrain_cami/core_genome_only/core_genomes/kpneumoniae/spades_ESBL8855_S12_L001.fna	0	
Klebsiella	pneumoniae	spades_ESBL8873_S6_L001	spades_ESBL8873_S6_L001	spades_ESBL8873_S6_L001	/dodo/rl152/ChronoStrain/chronostrain_cami/core_genome_only/core_genomes/kpneumoniae/spades_ESBL8873_S6_L001.fna	0	
Klebsiella	pneumoniae	spades_ESBL8909_S7_L001	spades_ESBL8909_S7_L001	spades_ESBL8909_S7_L001	/dodo/rl152/ChronoStrain/chronostrain_cami/core_genome_only/core_genomes/kpneumoniae/spades_ESBL8909_S7_L001.fna	0	
Klebsiella	pneumoniae	spades_ESBL8953_S1_L001	spades_ESBL8953_S1_L001	spades_ESBL8953_S1_L001	/dodo/rl152/ChronoStrain/chronostrain_cami/core_genome_only/core_genomes/kpneumoniae/spades_ESBL8953_S1_L001.fna	0	
Klebsiella	pneumoniae	spades_ESBL8956_S2_L001	spades_ESBL8956_S2_L001	spades_ESBL8956_S2_L001	/dodo/rl152/ChronoStrain/chronostrain_cami/core_genome_only/core_genomes/kpneumoniae/spades_ESBL8956_S2_L001.fna	0	
Klebsiella	pneumoniae	spades_ESBL8960_S8_L001	spades_ESBL8960_S8_L001	spades_ESBL8960_S8_L001	/dodo/rl152/ChronoStrain/chronostrain_cami/core_genome_only/core_genomes/kpneumoniae/spades_ESBL8960_S8_L001.fna	0	
Escherichia	coli	spades_ESBL9044_S9_L001	spades_ESBL9044_S9_L001	spades_ESBL9044_S9_L001	/dodo/rl152/ChronoStrain/chronostrain_cami/core_genome_only/core_genomes/ecoli/spades_ESBL9044_S9_L001.fna	0	
Klebsiella	pneumoniae	spades_ESBL9046_S6_L001	spades_ESBL9046_S6_L001	spades_ESBL9046_S6_L001	/dodo/rl152/ChronoStrain/chronostrain_cami/core_genome_only/core_genomes/kpneumoniae/spades_ESBL9046_S6_L001.fna	0	
Escherichia	coli	spades_ESBL9166_S11_L001	spades_ESBL9166_S11_L001	spades_ESBL9166_S11_L001	/dodo/rl152/ChronoStrain/chronostrain_cami/core_genome_only/core_genomes/ecoli/spades_ESBL9166_S11_L001.fna	0	
Klebsiella	pneumoniae	spades_ESBL9224_S2_L001	spades_ESBL9224_S2_L001	spades_ESBL9224_S2_L001	/dodo/rl152/ChronoStrain/chronostrain_cami/core_genome_only/core_genomes/kpneumoniae/spades_ESBL9224_S2_L001.fna	0	
Klebsiella	pneumoniae	spades_ESBL9250_S3_L001	spades_ESBL9250_S3_L001	spades_ESBL9250_S3_L001	/dodo/rl152/ChronoStrain/chronostrain_cami/core_genome_only/core_genomes/kpneumoniae/spades_ESBL9250_S3_L001.fna	0	
Klebsiella	pneumoniae	spades_ESBL9251_S1_L001	spades_ESBL9251_S1_L001	spades_ESBL9251_S1_L001	/dodo/rl152/ChronoStrain/chronostrain_cami/core_genome_only/core_genomes/kpneumoniae/spades_ESBL9251_S1_L001.fna	0	
Escherichia	coli	spades_ESBL9318_S2_L001	spades_ESBL9318_S2_L001	spades_ESBL9318_S2_L001	/dodo/rl152/ChronoStrain/chronostrain_cami/core_genome_only/core_genomes/ecoli/spades_ESBL9318_S2_L001.fna	0	
Escherichia	coli	spades_ESBL9336_S1_L001	spades_ESBL9336_S1_L001	spades_ESBL9336_S1_L001	/dodo/rl152/ChronoStrain/chronostrain_cami/core_genome_only/core_genomes/ecoli/spades_ESBL9336_S1_L001.fna	0	
Escherichia	coli	spades_ESBL9654_S5_L001	spades_ESBL9654_S5_L001	spades_ESBL9654_S5_L001	/dodo/rl152/ChronoStrain/chronostrain_cami/core_genome_only/core_genomes/ecoli/spades_ESBL9654_S5_L001.fna	0	
Escherichia	coli	spades_ESBL9861_S4_L001	spades_ESBL9861_S4_L001	spades_ESBL9861_S4_L001	/dodo/rl152/ChronoStrain/chronostrain_cami/core_genome_only/core_genomes/ecoli/spades_ESBL9861_S4_L001.fna	0	
Escherichia	coli	spades_ESBL9875_S5_L001	spades_ESBL9875_S5_L001	spades_ESBL9875_S5_L001	/dodo/rl152/ChronoStrain/chronostrain_cami/core_genome_only/core_genomes/ecoli/spades_ESBL9875_S5_L001.fna	0	
Staphylococcus	aureus	spades_MRSA7113_S2_L001	spades_MRSA7113_S2_L001	spades_MRSA7113_S2_L001	/dodo/rl152/ChronoStrain/chronostrain_cami/core_genome_only/core_genomes/saureus/spades_MRSA7113_S2_L001.fna	0	
Staphylococcus	aureus	spades_MRSA7119_S2_L001	spades_MRSA7119_S2_L001	spades_MRSA7119_S2_L001	/dodo/rl152/ChronoStrain/chronostrain_cami/core_genome_only/core_genomes/saureus/spades_MRSA7119_S2_L001.fna	0	
Staphylococcus	aureus	spades_MRSA7124_S4_L001	spades_MRSA7124_S4_L001	spades_MRSA7124_S4_L001	/dodo/rl152/ChronoStrain/chronostrain_cami/core_genome_only/core_genomes/saureus/spades_MRSA7124_S4_L001.fna	0	
Staphylococcus	aureus	spades_MRSA7129_S1_L001	spades_MRSA7129_S1_L001	spades_MRSA7129_S1_L001	/dodo/rl152/ChronoStrain/chronostrain_cami/core_genome_only/core_genomes/saureus/spades_MRSA7129_S1_L001.fna	0	
Staphylococcus	aureus	spades_MRSA7129_S8_L001	spades_MRSA7129_S8_L001	spades_MRSA7129_S8_L001	/dodo/rl152/ChronoStrain/chronostrain_cami/core_genome_only/core_genomes/saureus/spades_MRSA7129_S8_L001.fna	0	
Staphylococcus	aureus	spades_MRSA7133_S3_L001	spades_MRSA7133_S3_L001	spades_MRSA7133_S3_L001	/dodo/rl152/ChronoStrain/chronostrain_cami/core_genome_only/core_genomes/saureus/spades_MRSA7133_S3_L001.fna	0	
Staphylococcus	aureus	spades_MRSA7172_S1_L001	spades_MRSA7172_S1_L001	spades_MRSA7172_S1_L001	/dodo/rl152/ChronoStrain/chronostrain_cami/core_genome_only/core_genomes/saureus/spades_MRSA7172_S1_L001.fna	0	
Staphylococcus	aureus	spades_MRSA7231_S7_L001	spades_MRSA7231_S7_L001	spades_MRSA7231_S7_L001	/dodo/rl152/ChronoStrain/chronostrain_cami/core_genome_only/core_genomes/saureus/spades_MRSA7231_S7_L001.fna	0	
Staphylococcus	aureus	spades_MRSA7286_S4_L001	spades_MRSA7286_S4_L001	spades_MRSA7286_S4_L001	/dodo/rl152/ChronoStrain/chronostrain_cami/core_genome_only/core_genomes/saureus/spades_MRSA7286_S4_L001.fna	0	
Staphylococcus	aureus	spades_MRSA7295_S3_L001	spades_MRSA7295_S3_L001	spades_MRSA7295_S3_L001	/dodo/rl152/ChronoStrain/chronostrain_cami/core_genome_only/core_genomes/saureus/spades_MRSA7295_S3_L001.fna	0	
Staphylococcus	aureus	spades_MRSA7796_S10_L001	spades_MRSA7796_S10_L001	spades_MRSA7796_S10_L001	/dodo/rl152/ChronoStrain/chronostrain_cami/core_genome_only/core_genomes/saureus/spades_MRSA7796_S10_L001.fna	0	
Staphylococcus	aureus	spades_MRSA7830_S9_L001	spades_MRSA7830_S9_L001	spades_MRSA7830_S9_L001	/dodo/rl152/ChronoStrain/chronostrain_cami/core_genome_only/core_genomes/saureus/spades_MRSA7830_S9_L001.fna	0	
Staphylococcus	aureus	spades_MRSA8007_S12_L001	spades_MRSA8007_S12_L001	spades_MRSA8007_S12_L001	/dodo/rl152/ChronoStrain/chronostrain_cami/core_genome_only/core_genomes/saureus/spades_MRSA8007_S12_L001.fna	0	
Staphylococcus	aureus	spades_MRSA8013_S11_L001	spades_MRSA8013_S11_L001	spades_MRSA8013_S11_L001	/dodo/rl152/ChronoStrain/chronostrain_cami/core_genome_only/core_genomes/saureus/spades_MRSA8013_S11_L001.fna	0	
Staphylococcus	aureus	spades_MRSA8186_S9_L001	spades_MRSA8186_S9_L001	spades_MRSA8186_S9_L001	/dodo/rl152/ChronoStrain/chronostrain_cami/core_genome_only/core_genomes/saureus/spades_MRSA8186_S9_L001.fna	0	
Staphylococcus	aureus	spades_MRSA8187_S8_L001	spades_MRSA8187_S8_L001	spades_MRSA8187_S8_L001	/dodo/rl152/ChronoStrain/chronostrain_cami/core_genome_only/core_genomes/saureus/spades_MRSA8187_S8_L001.fna	0	
Staphylococcus	aureus	spades_MRSA8339_S5_L001	spades_MRSA8339_S5_L001	spades_MRSA8339_S5_L001	/dodo/rl152/ChronoStrain/chronostrain_cami/core_genome_only/core_genomes/saureus/spades_MRSA8339_S5_L001.fna	0	
Staphylococcus	aureus	spades_MRSA8595_S7_L001	spades_MRSA8595_S7_L001	spades_MRSA8595_S7_L001	/dodo/rl152/ChronoStrain/chronostrain_cami/core_genome_only/core_genomes/saureus/spades_MRSA8595_S7_L001.fna	0	
Staphylococcus	aureus	spades_MRSA8602_S6_L001	spades_MRSA8602_S6_L001	spades_MRSA8602_S6_L001	/dodo/rl152/ChronoStrain/chronostrain_cami/core_genome_only/core_genomes/saureus/spades_MRSA8602_S6_L001.fna	0	
Staphylococcus	aureus	spades_MRSA8758_S5_L001	spades_MRSA8758_S5_L001	spades_MRSA8758_S5_L001	/dodo/rl152/ChronoStrain/chronostrain_cami/core_genome_only/core_genomes/saureus/spades_MRSA8758_S5_L001.fna	0	
Staphylococcus	aureus	spades_MRSA9344_S6_L001	spades_MRSA9344_S6_L001	spades_MRSA9344_S6_L001	/dodo/rl152/ChronoStrain/chronostrain_cami/core_genome_only/core_genomes/saureus/spades_MRSA9344_S6_L001.fna	0	
Enterococcus	faecium	spades_VRE2224_S14_L001	spades_VRE2224_S14_L001	spades_VRE2224_S14_L001	/dodo/rl152/ChronoStrain/chronostrain_cami/core_genome_only/core_genomes/efaecium/spades_VRE2224_S14_L001.fna	0	
Enterococcus	faecium	spades_VRE2237_S15_L001	spades_VRE2237_S15_L001	spades_VRE2237_S15_L001	/dodo/rl152/ChronoStrain/chronostrain_cami/core_genome_only/core_genomes/efaecium/spades_VRE2237_S15_L001.fna	0	
Enterococcus	faecium	spades_VRE2392_S22_L001	spades_VRE2392_S22_L001	spades_VRE2392_S22_L001	/dodo/rl152/ChronoStrain/chronostrain_cami/core_genome_only/core_genomes/efaecium/spades_VRE2392_S22_L001.fna	0	
Enterococcus	faecium	spades_VRE2770_S9_L001	spades_VRE2770_S9_L001	spades_VRE2770_S9_L001	/dodo/rl152/ChronoStrain/chronostrain_cami/core_genome_only/core_genomes/efaecium/spades_VRE2770_S9_L001.fna	0	
Enterococcus	faecium	spades_VRE2857_S10_L001	spades_VRE2857_S10_L001	spades_VRE2857_S10_L001	/dodo/rl152/ChronoStrain/chronostrain_cami/core_genome_only/core_genomes/efaecium/spades_VRE2857_S10_L001.fna	0	
Enterococcus	faecium	spades_VRE2906_S11_L001	spades_VRE2906_S11_L001	spades_VRE2906_S11_L001	/dodo/rl152/ChronoStrain/chronostrain_cami/core_genome_only/core_genomes/efaecium/spades_VRE2906_S11_L001.fna	0	
Enterococcus	faecium	spades_VRE2913_S13_L001	spades_VRE2913_S13_L001	spades_VRE2913_S13_L001	/dodo/rl152/ChronoStrain/chronostrain_cami/core_genome_only/core_genomes/efaecium/spades_VRE2913_S13_L001.fna	0	
Enterococcus	faecium	spades_VRE2941_S2_L001	spades_VRE2941_S2_L001	spades_VRE2941_S2_L001	/dodo/rl152/ChronoStrain/chronostrain_cami/core_genome_only/core_genomes/efaecium/spades_VRE2941_S2_L001.fna	0	
Enterococcus	faecium	spades_VRE2943_S1_L001	spades_VRE2943_S1_L001	spades_VRE2943_S1_L001	/dodo/rl152/ChronoStrain/chronostrain_cami/core_genome_only/core_genomes/efaecium/spades_VRE2943_S1_L001.fna	0	
Enterococcus	faecium	spades_VRE2961_S3_L001	spades_VRE2961_S3_L001	spades_VRE2961_S3_L001	/dodo/rl152/ChronoStrain/chronostrain_cami/core_genome_only/core_genomes/efaecium/spades_VRE2961_S3_L001.fna	0	
Enterococcus	faecium	spades_VRE3021_S4_L001	spades_VRE3021_S4_L001	spades_VRE3021_S4_L001	/dodo/rl152/ChronoStrain/chronostrain_cami/core_genome_only/core_genomes/efaecium/spades_VRE3021_S4_L001.fna	0	
Enterococcus	faecium	spades_VRE3043_S21_L001	spades_VRE3043_S21_L001	spades_VRE3043_S21_L001	/dodo/rl152/ChronoStrain/chronostrain_cami/core_genome_only/core_genomes/efaecium/spades_VRE3043_S21_L001.fna	0	
Enterococcus	faecium	spades_VRE3056_S20_L001	spades_VRE3056_S20_L001	spades_VRE3056_S20_L001	/dodo/rl152/ChronoStrain/chronostrain_cami/core_genome_only/core_genomes/efaecium/spades_VRE3056_S20_L001.fna	0	
Enterococcus	faecium	spades_VRE3253_S17_L001	spades_VRE3253_S17_L001	spades_VRE3253_S17_L001	/dodo/rl152/ChronoStrain/chronostrain_cami/core_genome_only/core_genomes/efaecium/spades_VRE3253_S17_L001.fna	0	
Enterococcus	faecium	spades_VRE3277_S16_L001	spades_VRE3277_S16_L001	spades_VRE3277_S16_L001	/dodo/rl152/ChronoStrain/chronostrain_cami/core_genome_only/core_genomes/efaecium/spades_VRE3277_S16_L001.fna	0	
Enterococcus	faecium	spades_VRE3342_S6_L001	spades_VRE3342_S6_L001	spades_VRE3342_S6_L001	/dodo/rl152/ChronoStrain/chronostrain_cami/core_genome_only/core_genomes/efaecium/spades_VRE3342_S6_L001.fna	0	
Enterococcus	faecium	spades_VRE3387_S5_L001	spades_VRE3387_S5_L001	spades_VRE3387_S5_L001	/dodo/rl152/ChronoStrain/chronostrain_cami/core_genome_only/core_genomes/efaecium/spades_VRE3387_S5_L001.fna	0	
Enterococcus	faecium	spades_VRE3766_S8_L001	spades_VRE3766_S8_L001	spades_VRE3766_S8_L001	/dodo/rl152/ChronoStrain/chronostrain_cami/core_genome_only/core_genomes/efaecium/spades_VRE3766_S8_L001.fna	0	
Enterococcus	faecium	spades_VRE3783_S7_L001	spades_VRE3783_S7_L001	spades_VRE3783_S7_L001	/dodo/rl152/ChronoStrain/chronostrain_cami/core_genome_only/core_genomes/efaecium/spades_VRE3783_S7_L001.fna	0	
Enterococcus	faecium	spades_VRE3786_S19_L001	spades_VRE3786_S19_L001	spades_VRE3786_S19_L001	/dodo/rl152/ChronoStrain/chronostrain_cami/core_genome_only/core_genomes/efaecium/spades_VRE3786_S19_L001.fna	0	
Enterococcus	faecium	spades_VRE3967_S23_L001	spades_VRE3967_S23_L001	spades_VRE3967_S23_L001	/dodo/rl152/ChronoStrain/chronostrain_cami/core_genome_only/core_genomes/efaecium/spades_VRE3967_S23_L001.fna	0	
