SampleName,T,Src,ClusterName,StrainId,StrainName,Species,Phylogroup,RelAbund
UMB18_00urt,405,Urine,SGE13,NZ_CP068806.1,RIVM_C018576,coli,D,0.39107
UMB18_00,407,Stool,SGE29,NZ_CP051711.1,SCU-123,coli,B2,0.00135
UMB18_00,407,Stool,SGE13,NZ_CP068806.1,RIVM_C018576,coli,D,0.001
UMB18_00.1,418,Stool,SGE13,NZ_CP068806.1,RIVM_C018576,coli,D,0.00295
UMB18_01,432,Stool,SGE686,NZ_CP069980.1,FDAARGOS_1291,coli,D,0.00051
UMB18_02,460,Stool,SGE13,NZ_CP068806.1,RIVM_C018576,coli,D,0.00057
UMB18_02.1,475,Stool,SGE686,NZ_CP069980.1,FDAARGOS_1291,coli,D,0.00037
UMB18_03,489,Stool,SGE13,NZ_CP068806.1,RIVM_C018576,coli,D,0.00043
UMB18_04,520,Stool,SGE686,NZ_CP069980.1,FDAARGOS_1291,coli,D,0.00061
UMB18_05,557,Stool,SGE29,NZ_CP051711.1,SCU-123,coli,B2,0.00232
UMB18_05,557,Stool,SGE13,NZ_CP068806.1,RIVM_C018576,coli,D,0.00132
UMB18_05,557,Stool,SGE787,NZ_LR782232.1,SC467,coli,B1,0.00069
UMB18_06,592,Stool,SGE282,NZ_CP010228.1,S3,coli,A,0.00087
UMB18_06,592,Stool,SGE31,NZ_CP025920.1,103605,coli,B1,0.00046
UMB18_07,621,Stool,SGE686,NZ_CP069980.1,FDAARGOS_1291,coli,D,0.00098
UMB18_08,643,Stool,SGE686,NZ_CP069980.1,FDAARGOS_1291,coli,D,0.00083
UMB18_09,685,Stool,SGE13,NZ_CP068806.1,RIVM_C018576,coli,D,0.00366
UMB18_09.1,698,Stool,SGE13,NZ_CP068806.1,RIVM_C018576,coli,D,0.00046
UMB18_10,705,Stool,SGE13,NZ_CP068806.1,RIVM_C018576,coli,D,0.00139
UMB18_10.1,718,Stool,SGE13,NZ_CP068806.1,RIVM_C018576,coli,D,0.00104
UMB18_10.2,727,Stool,SGE13,NZ_CP068806.1,RIVM_C018576,coli,D,0.00087
UMB18_10.2,727,Stool,SGE18,NZ_CP047710.1,Eco-15,coli,B2,0.00064
UMB18_12,775,Stool,SGE18,NZ_CP047710.1,Eco-15,coli,B2,0.00291
UMB18_12,775,Stool,SGE29,NZ_CP051711.1,SCU-123,coli,B2,0.00137
UMB18_12,775,Stool,SGE686,NZ_CP069980.1,FDAARGOS_1291,coli,D,0.00115
UMB_18_06_ps1,592,Plate,SGE282,NZ_CP010228.1,S3,coli,A,0.61548
UMB_18_06_ps1,592,Plate,SGE29,NZ_CP051711.1,SCU-123,coli,B2,0.06632
UMB_18_06_ps1,592,Plate,SGE341,NZ_CP023386.1,1190,coli,D,0.10261
UMB_18_06_ps1,592,Plate,SGE686,NZ_CP069980.1,FDAARGOS_1291,coli,D,0.11425
UMB_18_06_ps2,592,Plate,SGE282,NZ_CP010228.1,S3,coli,A,0.53995
UMB_18_06_ps2,592,Plate,SGE29,NZ_CP051711.1,SCU-123,coli,B2,0.08502
UMB_18_06_ps2,592,Plate,SGE341,NZ_CP023386.1,1190,coli,D,0.17403
UMB_18_06_ps2,592,Plate,SGE686,NZ_CP069980.1,FDAARGOS_1291,coli,D,0.09271
UMB_18_12_ps1,775,Plate,SGE13,NZ_CP068806.1,RIVM_C018576,coli,D,0.75979
UMB_18_12_ps1,775,Plate,SGE29,NZ_CP051711.1,SCU-123,coli,B2,0.09665
UMB_18_12_ps2,775,Plate,SGE13,NZ_CP068806.1,RIVM_C018576,coli,D,0.61979
UMB_18_12_ps2,775,Plate,SGE29,NZ_CP051711.1,SCU-123,coli,B2,0.22341
UMB_18_12_ps2,775,Plate,SGE18,NZ_CP047710.1,Eco-15,coli,B2,0.04412