sample_name	BioSample(SAMN)	Run(SRR)	Experiment(SRX)	LibraryLayout	SampleName
UMB18_01	SAMN07583965	SRR29343987	SRX24859725	PAIRED	UMB18_00
UMB18_02	SAMN07583965	SRR29371176	SRX24885407	PAIRED	UMB18_00
UMB18_03	SAMN07583965	SRR6018642	SRX3170086	PAIRED	UMB18_00
UMB18_04	SAMN07583965	SRR6029698	SRX3180093	PAIRED	UMB18_00
UMB18_05	SAMN07583966	SRR14881968	SRX11198908	PAIRED	UMB18_00.1
UMB18_06	SAMN07583966	SRR29090628	SRX24614729	SINGLE	UMB18_00.1
UMB18_07	SAMN07583966	SRR29398480	SRX24912236	PAIRED	UMB18_00.1
UMB18_08	SAMN07583966	SRR6018576	SRX3170020	PAIRED	UMB18_00.1
UMB18_09	SAMN07583967	SRR29371030	SRX24885552	PAIRED	UMB18_01
UMB18_10	SAMN07583967	SRR6018607	SRX3170051	PAIRED	UMB18_01
UMB18_11	SAMN07583967	SRR6029701	SRX3180096	PAIRED	UMB18_01
UMB18_12	SAMN07583968	SRR29371106	SRX24885477	PAIRED	UMB18_01.1
UMB18_13	SAMN07583968	SRR6018639	SRX3170083	PAIRED	UMB18_01.1
UMB18_14	SAMN07583968	SRR6029702	SRX3180097	PAIRED	UMB18_01.1
UMB18_15	SAMN07583969	SRR29371141	SRX24885442	PAIRED	UMB18_02
UMB18_16	SAMN07583969	SRR6018631	SRX3170075	PAIRED	UMB18_02
UMB18_17	SAMN07583969	SRR6029705	SRX3180100	PAIRED	UMB18_02
UMB18_18	SAMN07583970	SRR29343998	SRX24859714	PAIRED	UMB18_02.1
UMB18_19	SAMN07583970	SRR29371180	SRX24885403	PAIRED	UMB18_02.1
UMB18_20	SAMN07583970	SRR6018598	SRX3170042	PAIRED	UMB18_02.1
UMB18_21	SAMN07583970	SRR6029704	SRX3180099	PAIRED	UMB18_02.1
UMB18_22	SAMN07583971	SRR29370994	SRX24885588	PAIRED	UMB18_03
UMB18_23	SAMN07583971	SRR6018597	SRX3170041	PAIRED	UMB18_03
UMB18_24	SAMN07583971	SRR6029703	SRX3180098	PAIRED	UMB18_03
UMB18_25	SAMN07583972	SRR14881967	SRX11198909	PAIRED	UMB18_04
UMB18_26	SAMN07583972	SRR24541273	SRX20325520	PAIRED	UMB18_04
UMB18_27	SAMN07583972	SRR24541419	SRX20325633	PAIRED	UMB18_04
UMB18_28	SAMN07583972	SRR24541557	SRX20325817	PAIRED	UMB18_04
UMB18_29	SAMN07583972	SRR6018617	SRX3170061	PAIRED	UMB18_04
UMB18_30	SAMN07583973	SRR29343997	SRX24859715	PAIRED	UMB18_05
UMB18_31	SAMN07583973	SRR29371026	SRX24885556	PAIRED	UMB18_05
UMB18_32	SAMN07583973	SRR6018578	SRX3170022	PAIRED	UMB18_05
UMB18_33	SAMN07583973	SRR6029706	SRX3180101	PAIRED	UMB18_05
UMB18_34	SAMN07583974	SRR14881966	SRX11198910	PAIRED	UMB18_06
UMB18_35	SAMN07583974	SRR29344005	SRX24859707	PAIRED	UMB18_06
UMB18_36	SAMN07583974	SRR29371128	SRX24885455	PAIRED	UMB18_06
UMB18_37	SAMN07583974	SRR6018599	SRX3170043	PAIRED	UMB18_06
UMB18_38	SAMN07583975	SRR29370996	SRX24885586	PAIRED	UMB18_07
UMB18_39	SAMN07583975	SRR6018645	SRX3170089	PAIRED	UMB18_07
UMB18_40	SAMN07583975	SRR6029708	SRX3180103	PAIRED	UMB18_07
UMB18_41	SAMN07583976	SRR14881965	SRX11198911	PAIRED	UMB18_08
UMB18_42	SAMN07583976	SRR24541556	SRX20325818	PAIRED	UMB18_08
UMB18_43	SAMN07583976	SRR29371144	SRX24885439	PAIRED	UMB18_08
UMB18_44	SAMN07583976	SRR6018635	SRX3170079	PAIRED	UMB18_08
UMB18_45	SAMN07583977	SRR14881964	SRX11198912	PAIRED	UMB18_09
UMB18_46	SAMN07583977	SRR14907842	SRX11222250	PAIRED	UMB18_09
UMB18_47	SAMN07583977	SRR24541272	SRX20325521	PAIRED	UMB18_09
UMB18_48	SAMN07583977	SRR24541418	SRX20325634	PAIRED	UMB18_09
UMB18_49	SAMN07583977	SRR24541555	SRX20325819	PAIRED	UMB18_09
UMB18_50	SAMN07583978	SRR14881963	SRX11198913	PAIRED	UMB18_09.1
UMB18_51	SAMN07583978	SRR14907795	SRX11222297	PAIRED	UMB18_09.1
UMB18_52	SAMN07583978	SRR24541271	SRX20325522	PAIRED	UMB18_09.1
UMB18_53	SAMN07583978	SRR24541417	SRX20325635	PAIRED	UMB18_09.1
UMB18_54	SAMN07583978	SRR24541554	SRX20325820	PAIRED	UMB18_09.1
UMB18_55	SAMN07583979	SRR14881962	SRX11198914	PAIRED	UMB18_10
UMB18_56	SAMN07583979	SRR14907796	SRX11222296	PAIRED	UMB18_10
UMB18_57	SAMN07583979	SRR24541415	SRX20325637	PAIRED	UMB18_10
UMB18_58	SAMN07583979	SRR24541553	SRX20325821	PAIRED	UMB18_10
UMB18_59	SAMN07583979	SRR29398469	SRX24912247	PAIRED	UMB18_10
UMB18_60	SAMN07583980	SRR14881961	SRX11198915	PAIRED	UMB18_10.1
UMB18_61	SAMN07583980	SRR14907797	SRX11222295	PAIRED	UMB18_10.1
UMB18_62	SAMN07583980	SRR24541340	SRX20325453	PAIRED	UMB18_10.1
UMB18_63	SAMN07583980	SRR24541414	SRX20325638	PAIRED	UMB18_10.1
UMB18_64	SAMN07583980	SRR24541692	SRX20325682	PAIRED	UMB18_10.1
UMB18_65	SAMN07583981	SRR14881960	SRX11198916	PAIRED	UMB18_10.2
UMB18_66	SAMN07583981	SRR24541339	SRX20325454	PAIRED	UMB18_10.2
UMB18_67	SAMN07583981	SRR24541413	SRX20325639	PAIRED	UMB18_10.2
UMB18_68	SAMN07583981	SRR24541691	SRX20325683	PAIRED	UMB18_10.2
UMB18_69	SAMN07583982	SRR14881957	SRX11198919	PAIRED	UMB18_12
UMB18_70	SAMN07583982	SRR14907798	SRX11222294	PAIRED	UMB18_12
UMB18_71	SAMN07583982	SRR29090631	SRX24614726	SINGLE	UMB18_12
UMB18_72	SAMN07583982	SRR29370985	SRX24885597	PAIRED	UMB18_12
UMB18_73	SAMN07583982	SRR29398479	SRX24912237	PAIRED	UMB18_12
UMB18_74	SAMN07736289	SRR14881782	SRX11199094	PAIRED	UMB18_01.1urp
UMB18_75	SAMN07736290	SRR14881779	SRX11199097	PAIRED	UMB18_09.1urp
UMB18_76	SAMN07736308	SRR14882046	SRX11199220	PAIRED	UMB18_01.1rrp
UMB18_77	SAMN07736325	SRR14881780	SRX11199096	PAIRED	UMB18_09.1uop
UMB18_78	SAMN07736333	SRR14882057	SRX11199209	PAIRED	UMB18_01.1rop
UMB18_79	SAMN07736334	SRR14882003	SRX11198873	PAIRED	UMB18_09.1rop
UMB18_80	SAMN12212552	SRR9900644	SRX6652480	SINGLE	UMB1800_15
UMB18_81	SAMN12212554	SRR9900642	SRX6652482	SINGLE	UMB1800_22
UMB18_82	SAMN12212555	SRR9900641	SRX6652483	SINGLE	UMB1800_23
UMB18_83	SAMN19697393	SRR14882015	SRX11198861	PAIRED	UMB18_00rot
UMB18_84	SAMN19697394	SRR14882068	SRX11199198	PAIRED	UMB18_00rrt
UMB18_85	SAMN19697395	SRR14881784	SRX11199092	PAIRED	UMB18_00uot
UMB18_86	SAMN19697396	SRR14881783	SRX11199093	PAIRED	UMB18_00urt
UMB18_87	SAMN32575383	SRR22967797	SRX18924188	PAIRED	UMB18_06_ps2
UMB18_88	SAMN32575384	SRR22967796	SRX18924189	PAIRED	UMB18_06_ps1
UMB18_89	SAMN32575385	SRR22967795	SRX18924190	PAIRED	UMB18_12_ps2
UMB18_90	SAMN32575386	SRR22967794	SRX18924191	PAIRED	UMB18_12_ps1
