sample_name,BioSample(SAMN),Run(SRR),Experiment(SRX),LibraryStrategy,LibrarySource,LibraryLayout,CollectionDate,SampleName
UMB18_01,SAMN07583965,SRR6029698,SRX3180093,WGS,METAGENOMIC,PAIRED,,UMB18_00
UMB18_02,SAMN07583966,SRR14881968,SRX11198908,WGS,METAGENOMIC,PAIRED,,UMB18_00.1
UMB18_04,SAMN07583967,SRR6029701,SRX3180096,WGS,METAGENOMIC,PAIRED,,UMB18_01
UMB18_06,SAMN07583969,SRR6029705,SRX3180100,WGS,METAGENOMIC,PAIRED,,UMB18_02
UMB18_07,SAMN07583970,SRR6029704,SRX3180099,WGS,METAGENOMIC,PAIRED,,UMB18_02.1
UMB18_08,SAMN07583971,SRR6029703,SRX3180098,WGS,METAGENOMIC,PAIRED,,UMB18_03
UMB18_09,SAMN07583972,SRR14881967,SRX11198909,WGS,METAGENOMIC,PAIRED,,UMB18_04
UMB18_11,SAMN07583973,SRR6029706,SRX3180101,WGS,METAGENOMIC,PAIRED,,UMB18_05
UMB18_12,SAMN07583974,SRR14881966,SRX11198910,WGS,METAGENOMIC,PAIRED,,UMB18_06
UMB18_13,SAMN07583975,SRR6029708,SRX3180103,WGS,METAGENOMIC,PAIRED,,UMB18_07
UMB18_14,SAMN07583976,SRR14881965,SRX11198911,WGS,METAGENOMIC,PAIRED,,UMB18_08
UMB18_16,SAMN07583977,SRR14881964,SRX11198912,WGS,METAGENOMIC,PAIRED,,UMB18_09
UMB18_18,SAMN07583978,SRR14881963,SRX11198913,WGS,METAGENOMIC,PAIRED,,UMB18_09.1
UMB18_20,SAMN07583979,SRR14881962,SRX11198914,WGS,METAGENOMIC,PAIRED,,UMB18_10
UMB18_22,SAMN07583980,SRR14881961,SRX11198915,WGS,METAGENOMIC,PAIRED,,UMB18_10.1
UMB18_24,SAMN07583981,SRR14881960,SRX11198916,WGS,METAGENOMIC,PAIRED,,UMB18_10.2
UMB18_26,SAMN07583982,SRR14881957,SRX11198919,WGS,METAGENOMIC,PAIRED,,UMB18_12
UMB18_28,SAMN07736289,SRR14881782,SRX11199094,WGS,METAGENOMIC,PAIRED,,UMB18_01.1urp
UMB18_29,SAMN07736290,SRR14881779,SRX11199097,WGS,METAGENOMIC,PAIRED,,UMB18_09.1urp
UMB18_30,SAMN07736308,SRR14882046,SRX11199220,WGS,METAGENOMIC,PAIRED,,UMB18_01.1rrp
UMB18_31,SAMN07736325,SRR14881780,SRX11199096,WGS,METAGENOMIC,PAIRED,,UMB18_09.1uop
UMB18_32,SAMN07736333,SRR14882057,SRX11199209,WGS,METAGENOMIC,PAIRED,,UMB18_01.1rop
UMB18_33,SAMN07736334,SRR14882003,SRX11198873,WGS,METAGENOMIC,PAIRED,,UMB18_09.1rop
UMB18_34,SAMN19697393,SRR14882015,SRX11198861,WGS,METAGENOMIC,PAIRED,,UMB18_00rot
UMB18_35,SAMN19697394,SRR14882068,SRX11199198,WGS,METAGENOMIC,PAIRED,,UMB18_00rrt
UMB18_36,SAMN19697395,SRR14881784,SRX11199092,WGS,METAGENOMIC,PAIRED,,UMB18_00uot
UMB18_37,SAMN19697396,SRR14881783,SRX11199093,WGS,METAGENOMIC,PAIRED,,UMB18_00urt
UMB18_38,SAMN32575383,SRR22967797,SRX18924188,WGS,METAGENOMIC,PAIRED,,UMB18_06_ps2
UMB18_39,SAMN32575384,SRR22967796,SRX18924189,WGS,METAGENOMIC,PAIRED,,UMB18_06_ps1
UMB18_40,SAMN32575385,SRR22967795,SRX18924190,WGS,METAGENOMIC,PAIRED,,UMB18_12_ps2
UMB18_41,SAMN32575386,SRR22967794,SRX18924191,WGS,METAGENOMIC,PAIRED,,UMB18_12_ps1
